Participant,W2V Words,W2V Switches,S2V Words,S2V Switches
CAF-657,,,,
CAF-657,,0.6904674498050439,,0.6053999681020052
CAF-657,0.7866447762617235,,0.6483614305671893,
CAF-657,,0.6092676788655821,0.4773009567110859,
CAF-657,0.6540301638520143,,0.45761292377618074,
CAF-657,,0.23800927910386172,,0.2543252728500081
CAF-657,0.4579534898149587,,0.5399881670879917,
CAF-657,0.4970058895611735,,0.5678356471562336,
CAF-657,0.6063742677091867,,0.5700534876591165,
CAF-657,0.0,,0.658908898137194,
CAF-657,0.0,,,0.5196178314037644
CAF-657,0.7093772702257071,,0.7789630041906285,
CAF-657,,0.531017010293181,0.6869940691724519,
CAF-657,0.5395520566054112,,,0.45179428665637567
CAF-657,0.4747476233927709,,0.575975015896018,
CAF-657,,0.4683842904930954,,0.45128902741048
CAF-657,0.7194081143243247,,0.6757035402907089,
CAF-657,,0.5003864960477192,,0.5278482715926955
CAF-657,0.7527778608667554,,0.6303173493038485,
CAF-657,0.768353054741348,,0.6719005679353358,
CAF-657,0.0,,0.0,
CAF-657,0.0,,0.0,
CAF-657,0.0,,0.0,
CAF-657,0.0,,0.0,
CAF-657,0.0,,0.0,
CAF-657,0.7166918074022757,,0.6161570362477106,
CAF-657,0.803002946563213,,0.7089916217190787,
CAF-657,,0.0,,0.0
CAJ-663,2.0,,2.0,
CAJ-663,0.0,,,0.0
CAJ-663,0.0,,0.6806873209704929,
CAJ-663,0.0,,0.537519691400082,
CAJ-663,0.47912871121387807,,,0.34363276115846836
CAJ-663,0.8745785976068601,,0.8628857048123819,
CAJ-663,0.0,,0.0,
CAJ-663,0.0,,0.0,
CAJ-663,0.42304143629827595,,0.47698581339819934,
CAJ-663,0.5000639474678137,,0.4732702795470824,
CAJ-663,0.5095229242769956,,,0.38457190811574227
CAJ-663,,0.49952038634024076,0.5121324851884607,
CAJ-663,0.517720672073823,,0.5516781962476115,
CAJ-663,0.7547038907915292,,0.7076147205496787,
CAJ-663,0.5789778565343725,,0.4973433764437272,
CAJ-663,0.44121786581827477,,0.46343888592140314,
CAJ-663,0.0,,0.0,
CAJ-663,0.0,,0.0,
CAJ-663,0.8378177294278359,,0.7681389064993795,
CAM-666,2.0,,2.0,
CAM-666,0.0,,0.0,
CAM-666,0.0,,0.0,
CAM-666,0.0,,0.0,
CAM-666,0.0,,0.0,
CAM-666,0.0,,0.0,
CAM-666,0.3436777207524676,,0.36757856424289737,
CAM-666,0.5719468120458518,,0.581332145687298,
CAM-666,,0.4537381822321555,,0.44529208100003637
CAM-666,0.4840519237978438,,0.4735197335911638,
CAM-666,0.7894407873342654,,0.7641377187098998,
CAM-666,,0.6659951137397667,,0.5835027087954353
CAM-666,0.7128431779025395,,0.6156015389764411,
CAM-666,,0.6644883959874124,,0.5123397974644501
CAM-666,0.7670680092805389,,0.6970840463037914,
CAM-666,,0.6994166177882621,,0.6417775971582632
CAM-666,0.7345157144882549,,0.7029401369658775,
CAM-666,0.0,,,0.658908898137194
CAM-666,0.0,,0.7332506989804985,
CAM-666,0.6525690141132497,,0.5232816449165089,
CAM-666,0.619892146848802,,0.49231787427331397,
CAM-666,0.47529514627866626,,,0.33436918725535947
CAM-666,,0.4747476233927709,0.575975015896018,
CAM-666,0.5317620721796017,,,0.37122553970292416
CAN-667,2.0,,2.0,
CAN-667,0.8378177294278359,,0.7681389064993795,
CAN-667,0.7602705018652869,,0.6963213212121123,
CAN-667,0.0,,0.0,
CAN-667,0.0,,0.0,
CAN-667,0.0,,0.0,
CAN-667,0.654054521810582,,0.5641505804027288,
CAN-667,,0.5860321973914239,0.5737210558748866,
CAN-667,0.716236279135211,,0.6678917598249352,
CAN-667,0.506228867879423,,0.48772132165163856,
CAN-667,,0.40243939981330745,,0.34785271982783855
CAN-667,0.6947537403681799,,0.54713027030339,
CAN-667,0.6239139354578737,,0.5982440523188578,
CAN-667,0.5777195235771273,,0.6026494687952982,
CAN-667,0.4719559902113143,,0.4374474265892113,
CAN-667,,0.37149004650447875,,0.3215951328308907
CAN-667,0.5641084534286992,,0.5722194589526469,
CAP-671,2.0,,2.0,
CAP-671,0.7334882084465411,,0.7044682582263694,
CAP-671,0.0,,0.0,
CAP-671,0.0,,0.0,
CAP-671,0.37211662809380214,,0.3224034396108731,
CAP-671,0.7093772702257071,,0.7789630041906285,
CAP-671,,0.5561222575511516,,0.6072292752796077
CAP-671,0.6126758427052204,,0.6577824345826482,
CAP-671,,0.4522868760089102,0.5986554247248036,
CAP-671,0.5913816539767758,,0.5859027707692489,
CAP-671,,0.43173834755181767,,0.45158003917380235
CAP-671,0.6985950791001702,,0.6174006090793362,
CAP-671,0.7227680387508737,,0.7144051594165327,
CAP-671,,0.27313960506832596,,0.2409618138322735
CAP-671,0.3405122160576277,,0.3907567885110942,
CAP-671,0.46600302122502246,,,0.3529707135435563
CAP-671,0.7064282852624827,,0.538074262142442,
CAP-671,,0.0,,0.0
CAQ-672,2.0,,2.0,
CAQ-672,,0.0,,0.0
CAQ-672,0.6882396401908035,,0.6119836664337878,
CAQ-672,,0.30189176359621783,,0.29227676350437254
CAQ-672,0.41216494102879014,,0.3098987969102535,
CAQ-672,0.8378177294278359,,0.7681389064993795,
CAQ-672,,0.4019849741535031,,0.507422279598863
CAQ-672,0.4747476233927709,,0.575975015896018,
CAQ-672,0.7398977733098251,,0.6876917554091692,
CAQ-672,0.8745785976068601,,0.8628857048123819,
CAQ-672,,0.5691314542700241,,0.5462200826218395
CAQ-672,0.6555257069153385,,0.6402599256023763,
CAQ-672,0.548383711044663,,0.644600673474528,
CAQ-672,,0.5424227449726353,,0.6139757100054463
CAQ-672,0.6869441198052897,,0.6353870918493768,
CAQ-672,,0.3768427471775159,,0.5110028856697721
CAQ-672,0.5137881417255106,,0.589872041443141,
CAQ-672,0.5465588310106538,,0.5570379712037357,
CAQ-672,,0.5219201059495445,,0.4325735778017402
CAQ-672,0.736472105731918,,0.5838297445501157,
CAQ-672,0.0,,0.0,
CAQ-672,0.0,,0.0,
CAR-673,2.0,,2.0,
CAR-673,,0.0,,0.0
CAR-673,0.8378177294278359,,0.7681389064993795,
CAR-673,0.0,,0.0,
CAR-673,0.0,,0.0,
CAR-673,0.8745785976068601,,0.8628857048123819,
CAR-673,0.7996426462737827,,0.7187751907214063,
CAR-673,0.768353054741348,,0.6719005679353358,
CAR-673,,0.46420997358528854,,0.3508289227805149
CAR-673,0.6867056060139429,,0.49601923537442083,
CAR-673,0.5690045661034961,,0.5081587860342918,
CAR-673,0.0,,0.0,
CAR-673,0.0,,0.0,
CAR-673,0.0,,0.0,
CAR-673,0.0,,0.0,
CAR-673,0.0,,0.0,
CAR-673,0.0,,0.537519691400082,
CAR-673,0.38601421364725547,,0.34513289282418147,
CAR-673,0.0,,0.0,
CAR-673,0.0,,0.0,
CAR-673,0.7910565435481542,,0.7510288782306633,
CAR-673,,0.759641934512523,0.7600411475078961,
CAS-674,2.0,,2.0,
CAS-674,,0.554071626308839,,0.5216253513515097
CAS-674,0.7093772702257071,,0.7789630041906285,
CAS-674,0.531017010293181,,0.6869940691724519,
CAS-674,0.0,,,0.5544358017687971
CAS-674,0.0,,0.7075974763331351,
CAS-674,0.7145779149871908,,0.7101948048840258,
CAS-674,0.0,,0.0,
CAS-674,0.0,,0.0,
CAS-674,0.4958711032494342,,0.46965686552140634,
CAS-674,0.8378177294278359,,0.7681389064993795,
CAS-674,0.7028733196986345,,,0.5998169732396196
CAS-674,,0.6723626545093575,0.6544465470015608,
CAS-674,0.7121667253014342,,0.6602788468981106,
CAS-674,0.6509910535696963,,0.5541445988755137,
CAS-674,0.0,,0.0,
CAS-674,0.0,,0.0,
CAS-674,0.688534112920867,,0.7408621547818116,
CAS-674,0.5895704859229635,,0.50496696731492,
CAS-674,,0.404758230648378,,0.43718126548837277
CAU-667,2.0,,2.0,
CAU-667,0.0,,0.0,
CAU-667,0.0,,0.0,
CAU-667,0.0,,0.0,
CAU-667,0.0,,0.0,
CAU-667,0.0,,0.0,
CAU-667,0.4998827100630846,,0.5678815124945602,
CAU-667,0.300271726851348,,0.5715236693926679,
CAU-667,0.0,,0.0,
CAU-667,0.0,,0.0,
CAU-667,0.3935848547854148,,0.39632018213660797,
CAU-667,0.0,,0.0,
CAU-667,0.0,,0.0,
CAU-667,0.6184299079694379,,0.5268219679745232,
CAU-667,0.5570043443690704,,0.4031858795975454,
CAU-667,0.0,,0.0,
CAU-667,0.0,,0.0,
CAU-667,1.0000000000000002,,1.0,
CAU-667,0.0,,0.0,
CAU-667,0.0,,0.0,
CAU-667,0.0,,0.0,
CAU-667,0.0,,0.0,
CAU-667,0.7334882084465411,,0.7044682582263694,
CAU-667,0.546235350099902,,0.46125498633802225,
CAU-667,0.0,,0.0,
CAU-667,0.0,,0.0,
CAU-667,0.0,,0.0,
CAU-667,0.0,,0.0,
CAU-667,0.0,,0.0,
CAU-667,0.0,,0.0,
CAU-667,0.5701722100816438,,0.5005677343406025,
CAU-667,0.7190114025783182,,0.6403085216700128,
CAU-667,0.0,,0.5346275864257454,
CAU-667,0.0,,0.0,
CAU-667,0.0,,0.0,
CAU-667,0.7227680387508737,,0.7144051594165327,
CAU-667,,0.5860321973914239,,0.5737210558748866
CAU-667,0.6792485709942788,,0.683784327768505,
CAU-667,,0.6287027046801817,,0.5024871979103146
CAU-667,0.7170601179541426,,0.6955588049291286,
CAV-678,2.0,,2.0,
CAV-678,0.7113119291740693,,0.675170086489144,
CAV-678,0.6841970599865758,,0.548474609436829,
CAV-678,0.546235350099902,,0.46125498633802225,
CAV-678,0.0,,0.0,
CAV-678,0.0,,0.0,
CAV-678,0.8378177294278359,,0.7681389064993795,
CAV-678,0.41216494102879014,,0.3098987969102535,
CAV-678,0.0,,0.0,
CAV-678,0.0,,0.0,
CAV-678,0.0,,0.5010219268487949,
CAV-678,0.0,,0.5695448856770815,
CAV-678,0.4998827100630846,,0.5678815124945602,
CAV-678,,0.3241151310566368,,0.44161393834564194
CAV-678,0.702920170799248,,0.6487208618979906,
CAV-678,0.635502469246306,,0.5279839090666951,
CAV-678,0.0,,0.0,
CAV-678,0.0,,0.0,
CAV-678,0.0,,0.0,
CAV-678,0.0,,0.0,
CAV-678,0.6356534508567281,,0.6015084116028133,
CAV-678,0.688534112920867,,0.7408621547818116,
CAV-678,0.0,,0.5903464991128957,
CAV-678,0.0,,0.537519691400082,
CAV-678,0.46999164100257157,,,0.4769103657155558
CAV-678,0.5641084534286992,,0.5722194589526469,
CAV-678,,0.32251628890857575,,0.304816490463938
CAY-681,2.0,,2.0,
CAY-681,0.6691336028976156,,0.6301417547393656,
CAY-681,0.0,,0.0,
CAY-681,0.0,,0.0,
CAY-681,0.8745785976068601,,0.8628857048123819,
CAY-681,0.49931222870397834,,0.5735850694637543,
CAY-681,0.0,,0.0,
CAY-681,0.0,,0.0,
CAY-681,0.4639117094582032,,0.5580438536318,
CAY-681,0.5615997771063229,,,0.5359067864120637
CAY-681,0.5832538620464783,,0.5752472392403888,
CAY-681,0.6106576802177032,,0.652047750143796,
CAY-681,1.0,,1.0,
CAY-681,0.6928588633094876,,0.5777680013292863,
CAY-681,,0.6659030571317933,,0.5652194146499413
CAY-681,1.0000000000000002,,1.0000000000000002,
CAY-681,0.585177345473308,,0.5210273924610193,
CAY-681,0.0,,0.0,
CAY-681,0.0,,0.0,
CAY-681,0.14006405190465276,,0.06529746074416039,
CAY-681,0.38347033324038327,,0.43469386021869,
CAY-681,,0.0,,0.0
CBD-686,2.0,,2.0,
CBD-686,,0.0,,0.0
CBD-686,0.7235815449499674,,0.7005668500595651,
CBD-686,0.0,,0.5742867500191365,
CBD-686,0.0,,0.0,
CBD-686,0.0,,0.0,
CBD-686,0.6166469810256057,,0.5084019850168776,
CBD-686,0.3803838396806425,,0.46317621926490904,
CBD-686,,0.17741993795591957,,0.30594708780634994
CBD-686,0.48724259847293905,,0.5358134808781309,
CBD-686,0.5550634346965172,,,0.528289235369817
CBD-686,0.7091533035480978,,0.6942920222554343,
CBD-686,0.688534112920867,,0.7408621547818116,
CBD-686,0.688534112920867,,0.7408621547818116,
CBD-686,0.2697328300742415,,0.2508230592037432,
CBD-686,0.0,,0.0,
CBD-686,0.0,,0.0,
CBD-686,0.7433118891653093,,0.6439075247344901,
CBD-686,0.773668018005576,,0.7265640563586404,
CBD-686,,0.5411457679800212,,0.5828772091711842
CBD-686,0.7991314288295074,,0.7811424229383546,
CBF-691,2.0,,2.0,
CBF-691,0.5811393626954854,,0.6330656576107478,
CBF-691,0.5002570963765797,,0.43812555716050205,
CBF-691,0.0,,0.0,
CBF-691,0.0,,0.0,
CBF-691,0.8378177294278359,,0.7681389064993795,
CBF-691,,0.25321088189149266,,0.27993741349212015
CBF-691,0.30659688890707704,,0.31744206292017974,
CBF-691,0.3566098097514717,,0.3869972372028562,
CBF-691,0.0,,0.0,
CBF-691,0.0,,0.0,
CBF-691,0.0,,0.0,
CBF-691,0.0,,0.0,
CBF-691,0.803002946563213,,0.7089916217190787,
CBF-691,,0.6601180266653127,0.6471580668109819,
CBF-691,0.7489105643269142,,,0.586309033895608
CBF-691,0.6249386700198256,,0.6177898909447962,
CBF-691,,0.460364108583747,,0.5766423910779581
CBH-693,2.0,,2.0,
CBH-693,,0.5811393626954854,0.6330656576107478,
CBH-693,0.8457700314341968,,0.6053824827930463,
CBH-693,0.6920276442990134,,,0.5909479070188611
CBH-693,0.5321625279269786,,0.6446731210662036,
CBH-693,0.5188062721446711,,0.5540426115602499,
CBH-693,,0.5050713847992001,,0.4594666323322247
CBH-693,0.6682775356790593,,0.5968888112033293,
CBH-693,0.5380441078120208,,,0.468271392463275
CBH-693,0.4998827100630846,,0.5678815124945602,
CBH-693,,0.17741993795591957,,0.30594708780634994
CBH-693,1.0000000000000002,,1.0,
CBH-693,0.377094020756031,,0.35872342877368857,
CBH-693,0.0,,0.0,
CBH-693,0.0,,0.0,
CBH-693,0.0,,0.0,
CBH-693,0.0,,0.0,
CBH-693,0.6947537403681799,,0.54713027030339,
CBH-693,0.5308081345067499,,0.4292690781973466,
CBH-693,0.0,,0.0,
CBH-693,0.0,,0.0,
CBH-693,0.8378177294278359,,0.7681389064993795,
CBH-693,,0.7455236194255916,,0.6448950117996424
CBJ-697,2.0,,2.0,
CBJ-697,0.0,,0.0,
CBJ-697,0.0,,0.0,
CBJ-697,0.7333106287217793,,0.7102100083889007,
CBJ-697,,0.5209356155827137,,0.5157355184864549
CBJ-697,0.5258985334381974,,0.5438455221695369,
CBJ-697,0.8745785976068601,,0.8628857048123819,
CBJ-697,0.554071626308839,,0.5216253513515097,
CBJ-697,0.0,,0.0,
CBJ-697,0.0,,0.0,
CBJ-697,0.0,,0.6578487273894739,
CBJ-697,0.0,,0.6806873209704929,
CBJ-697,0.0,,0.652848453813444,
CBJ-697,0.0,,0.0,
CBJ-697,0.0,,0.0,
CBJ-697,0.0,,0.0,
CBJ-697,0.0,,0.0,
CBJ-697,0.0,,0.0,
CBJ-697,0.0,,0.0,
CBJ-697,0.5180776788303018,,0.5507200290378927,
CBJ-697,0.0,,0.0,
CBJ-697,0.0,,0.0,
CBL-698,2.0,,2.0,
CBL-698,,0.6380615787479755,,0.6683313115407467
CBL-698,0.8745785976068601,,0.8628857048123819,
CBL-698,0.6776698033882239,,0.565315271370276,
CBL-698,0.4405408426860883,,,0.5516746973908689
CBL-698,0.0,,0.6390899479414834,
CBL-698,0.0,,0.6305228294140736,
CBL-698,0.0,,0.6305228294140736,
CBL-698,0.0,,0.0,
CBL-698,0.0,,0.0,
CBL-698,0.0,,0.0,
CBL-698,0.0,,0.0,
CBL-698,0.0,,0.0,
CBL-698,0.6005211133387935,,0.5510461635914914,
CBL-698,0.0,,0.645108357391031,
CBL-698,0.0,,0.7780705821337534,
CBL-698,0.0,,0.0,
CBL-698,0.0,,0.0,
CBL-698,0.0,,0.0,
CBL-698,0.0,,0.0,
CBM-702,2.0,,2.0,
CBM-702,0.6260352174281147,,0.5888290923979773,
CBM-702,0.42321888049602824,,0.3327959547955801,
CBM-702,0.0,,0.0,
CBM-702,0.0,,0.0,
CBM-702,0.0,,0.0,
CBM-702,0.7710630018059943,,0.6898103734067805,
CBM-702,0.0,,0.0,
CBM-702,0.0,,0.0,
CBM-702,0.6905141210296876,,0.6784833568695109,
CBM-702,0.0,,0.0,
CBM-702,0.0,,0.0,
CBM-702,0.0,,0.0,
CBM-702,0.0,,0.0,
CBM-702,0.8745785976068601,,0.8628857048123819,
CBM-702,0.0,,0.0,
CBM-702,0.0,,0.0,
CBM-702,0.0,,0.0,
CBM-702,0.0,,0.0,
CBM-702,0.5469820753415339,,0.47901042405906263,
CBM-702,0.3841956603120492,,,0.3370644637454034
CBM-702,,0.3241151310566368,0.44161393834564194,
CBM-702,0.48724259847293905,,0.5358134808781309,
CBM-702,0.5247726410950273,,,0.4934016962502328
CBM-702,0.5470265520745433,,0.5811199259551898,
CBM-702,,0.0,,0.0
CBP-707,2.0,,2.0,
CBP-707,,0.7101723921527487,,0.7181036874972738
CBP-707,0.8745785976068601,,0.8628857048123819,
CBP-707,0.5811393626954854,,0.6330656576107478,
CBP-707,0.5424227449726353,,0.6139757100054463,
CBP-707,,0.43533067739150105,,0.2705517324055837
CBP-707,0.6779566278531607,,0.6401816720798693,
CBP-707,0.6005211133387935,,0.5510461635914914,
CBP-707,0.0,,0.0,
CBP-707,0.0,,0.0,
CBP-707,0.4852866999674211,,0.4717476838663452,
CBP-707,0.7093772702257071,,0.7789630041906285,
CBP-707,,0.531017010293181,0.6869940691724519,
CBP-707,0.5913816539767758,,0.5859027707692489,
CBP-707,0.5492783494468821,,,0.5136746691832371
CBP-707,0.0,,0.5530781230474519,
CBP-707,0.0,,0.0,
CBP-707,0.0,,0.0,
CBP-707,0.0,,0.0,
CBP-707,0.0,,0.0,
CBP-707,0.7554962543955506,,0.7080832031197661,
CBP-707,0.768353054741348,,0.6719005679353358,
CBP-707,0.7181247771918229,,0.631375244937005,
CBP-707,,0.5413349699765222,0.47120449691807803,
CBP-707,0.556489962481508,,,0.3405047923248654
CBP-707,0.6194652657586913,,0.5927320795329062,
CBP-707,,0.4747476233927709,,0.575975015896018
CBS-711,2.0,,2.0,
CBS-711,0.6971485275693751,,0.6264945944989359,
CBS-711,0.0,,0.0,
CBS-711,0.0,,0.0,
CBS-711,0.0,,0.0,
CBS-711,0.6617692801171631,,0.6341793753700681,
CBS-711,,0.47563015287157984,0.4709438318418924,
CBS-711,0.5106473386485636,,0.36422653074621775,
CBS-711,,0.28715466046092464,,0.33337317355433127
CBS-711,0.3893451067890806,,0.40659307560218466,
CBS-711,0.0,,0.0,
CBS-711,0.0,,0.0,
CBS-711,0.0,,0.6412637787469372,
CBS-711,0.0,,0.0,
CBS-711,0.0,,0.0,
CBS-711,0.0,,0.0,
CBS-711,0.0,,0.559334173644888,
CBS-711,0.0,,0.6422213177797584,
CBS-711,0.8745785976068601,,0.8628857048123819,
CBS-711,0.6905588773949023,,0.720120331835892,
CBS-711,,0.5697343269822039,,0.6933156817395748
CBS-711,0.688534112920867,,0.7408621547818116,
CBS-711,,0.0,,0.0
CBW-715,2.0,,2.0,
CBW-715,0.7604255864892119,,0.7884685540347294,
CBW-715,,0.7101723921527487,0.7181036874972738,
CBW-715,0.7284094191803802,,0.6431855100545264,
CBW-715,0.7068514058218516,,0.6260142052301867,
CBW-715,,0.4510248896744601,,0.43463415268489586
CBW-715,0.7547038907915292,,0.7076147205496787,
CBW-715,0.7076126262904682,,0.6846808252476304,
CBW-715,0.0,,0.0,
CBW-715,0.0,,0.0,
CBW-715,0.7104222666293618,,0.6790797775441532,
CBW-715,0.0,,0.7064506661409862,
CBW-715,0.0,,,0.5731377718381163
CBW-715,0.4747476233927709,,0.575975015896018,
CBW-715,,0.3468377596228109,,0.5548602933962089
CBW-715,0.6042981959830579,,0.6304285677369253,
CBW-715,0.6333917108190157,,,0.6066965734895259
CCB-720,2.0,,2.0,
CCB-720,,0.7709793057872115,,0.5189748233865734
CCB-720,0.8069865631440539,,0.6989081019589145,
CCB-720,0.0,,0.0,
CCB-720,0.0,,0.0,
CCB-720,0.7093772702257071,,0.7789630041906285,
CCB-720,0.3653424550080897,,0.47728041503313584,
CCB-720,,0.2946780698563267,,0.3006066501263993
CCB-720,0.4480584702292382,,0.4122571401903595,
CCB-720,0.8745785976068601,,0.8628857048123819,
CCB-720,0.0,,0.0,
CCB-720,0.0,,0.0,
CCB-720,0.26421276997058846,,0.23830486434866696,
CCC-721,2.0,,2.0,
CCC-721,,0.6809057161982097,,0.6376705357921857
CCC-721,0.8378177294278359,,0.7681389064993795,
CCC-721,0.0,,0.645108357391031,
CCC-721,0.0,,,0.5378969437357269
CCC-721,0.6263688966416651,,0.6269426237220942,
CCC-721,0.0,,0.0,
CCC-721,0.0,,0.0,
CCC-721,0.7760811156452417,,0.6657613478657067,
CCC-721,0.0,,0.0,
CCC-721,0.0,,0.0,
CCC-721,0.6422178672902493,,0.5303088030567206,
CCC-721,0.7547038907915292,,0.7076147205496787,
CCC-721,,0.7059849162692239,,0.6404123091690285
CCD-722,2.0,,2.0,
CCD-722,0.47912871121387807,,,0.34363276115846836
CCD-722,,0.4177721610787229,0.3462540087658025,
CCD-722,0.5994569487017587,,0.5286286245276802,
CCD-722,,0.4436309486901974,,0.35233125044062563
CCD-722,0.4804935360537187,,0.3602896585979613,
CCD-722,0.0,,0.0,
CCD-722,0.0,,0.0,
CCD-722,0.0,,0.0,
CCD-722,0.0,,0.0,
CCD-722,0.0,,0.0,
CCD-722,0.7028733196986345,,0.5998169732396196,
CCD-722,0.8378177294278359,,0.7681389064993795,
CCD-722,0.4958711032494342,,0.46965686552140634,
CCD-722,,0.17741993795591957,,0.30594708780634994
CCD-722,0.300271726851348,,0.5715236693926679,
CCD-722,0.5000639474678137,,0.4732702795470824,
CCD-722,,0.39504891440766926,,0.36163483985607986
CCD-722,0.8069865631440539,,0.6989081019589145,
CCD-722,0.0,,0.0,
CCD-722,0.0,,0.0,
CCD-722,0.0,,0.0,
CCD-722,0.0,,0.0,
CCD-722,0.0,,0.4966049324746131,
CCD-722,0.0,,0.0,
CCD-722,0.0,,0.0,
CCD-722,0.6193484743693938,,0.5106638939679677,
CCD-722,0.6207589488158841,,0.7114370128911717,
CCF-724,2.0,,2.0,
CCF-724,0.6194652657586913,,0.5927320795329062,
CCF-724,,0.15326363921471706,0.2109290096107024,
CCF-724,0.392852725837087,,,0.19134860810213744
CCF-724,0.5881286205299834,,0.5822788335148773,
CCF-724,0.7093772702257071,,0.7789630041906285,
CCF-724,0.7921043140363008,,0.7643223081820134,
CCF-724,0.5048159716820732,,0.4534569784503354,
CCF-724,0.0,,0.0,
CCF-724,0.0,,0.0,
CCF-724,0.7629483009836476,,0.6558202980904814,
CCF-724,0.8745785976068601,,0.8628857048123819,
CCF-724,0.677587577441281,,0.6085885925335648,
CCF-724,,0.5860321973914239,,0.5737210558748866
CCF-724,0.6984894678873145,,0.7754488486757538,
CCF-724,0.6985950791001702,,0.6174006090793362,
CCF-724,,0.36954250771321934,,0.375690855758033
CCH-726,2.0,,2.0,
CCH-726,,0.0,,0.0
CCH-726,0.6551354217931413,,0.5712407956398954,
CCH-726,0.715330957427472,,0.6391597414384069,
CCH-726,,0.677587577441281,,0.6085885925335648
CCH-726,0.8745785976068601,,0.8628857048123819,
CCH-726,0.0,,0.0,
CCH-726,0.0,,0.0,
CCH-726,0.0,,0.0,
CCH-726,0.0,,0.0,
CCH-726,0.5435571202500853,,0.44982705647696114,
CCH-726,0.7356774886649605,,0.6452327938295612,
CCH-726,0.622401607783055,,0.6040432487297074,
CCH-726,0.0,,0.0,
CCH-726,0.0,,0.0,
CCH-726,0.0,,0.0,
CCH-726,0.0,,0.0,
CCH-726,0.8128753288695144,,0.7540656553303107,
CCH-726,0.0,,0.0,
CCH-726,0.0,,0.0,
CCH-726,0.0,,0.7173142416296475,
CCH-726,0.8013127623620887,,0.7785858498902173,
CCL-730,2.0,,2.0,
CCL-730,,0.43312208803895497,,0.3795997927717795
CCL-730,0.6015543011344899,,0.4906760268564818,
CCL-730,1.0000000000000002,,1.0000000000000002,
CCL-730,0.49502284960466725,,,0.5060378814191703
CCL-730,0.0,,0.6404175438143798,
CCL-730,0.0,,0.645108357391031,
CCL-730,0.6005211133387935,,0.5510461635914914,
CCL-730,0.4881021958404901,,,0.38515827645403006
CCL-730,0.4206733771803848,,0.5059716985480744,
CCL-730,,0.3505522731224737,0.6042164199940416,
CCL-730,0.4601379096348509,,,0.5621760617893716
CCL-730,0.0,,0.5953484657734173,
CCL-730,0.0,,,0.5238425939844857
CCL-730,0.6505040561824501,,0.5845504260422878,
CCL-730,,0.5913017837428663,,0.5405782101204619
CCL-730,0.753087547906665,,0.6026056312242881,
CCL-730,0.0,,0.0,
CCL-730,0.0,,0.0,
CCL-730,0.7177050556096912,,0.6511686523755221,
CCL-730,0.768353054741348,,0.6719005679353358,
CCL-730,0.7554962543955506,,0.7080832031197661,
CCL-730,,0.6225942904706013,,0.6537319350076601
CCX-744,2.0,,2.0,
CCX-744,0.41216494102879014,,0.3098987969102535,
CCX-744,0.0,,0.0,
CCX-744,0.0,,0.0,
CCX-744,0.6551052162793692,,0.6601686677990546,
CCX-744,,0.5913816539767758,,0.5859027707692489
CCX-744,0.5984475024991837,,0.6266148958728786,
CCX-744,0.6878644348324914,,0.7156565908514334,
CCX-744,0.7617426670910289,,,0.6500829815904396
CCX-744,0.7156578355805655,,0.7190880298148953,
CCX-744,0.5304493145007897,,0.37415499306895705,
CCX-744,0.0,,0.0,
CCX-744,0.0,,0.0,
CCX-744,0.786435452869715,,0.711026502277847,
CCX-744,0.0,,0.0,
CCX-744,0.0,,0.0,
CCX-744,0.6494603485439835,,0.583056443442066,
CDG-753,2.0,,2.0,
CDG-753,0.0,,,0.6404175438143798
CDG-753,0.0,,0.6576050304437701,
CDG-753,0.5595724924177176,,0.5141737188301685,
CDG-753,0.0,,0.0,
CDG-753,0.0,,0.0,
CDG-753,0.0,,0.0,
CDG-753,0.0,,0.0,
CDG-753,0.0,,0.0,
CDG-753,0.0,,0.0,
CDG-753,0.22441520359548486,,0.32456705406489006,
CDG-753,0.658072781194138,,0.6485376591204371,
CDG-753,0.0,,0.0,
CDG-753,0.0,,0.0,
CDG-753,0.531017010293181,,0.6869940691724519,
CDG-753,0.5913816539767758,,0.5859027707692489,
CDG-753,,0.4140184102544303,,0.4687369654350793
CDG-753,0.6283090675167448,,0.5393918124454604,
CDG-753,0.3468377596228109,,0.5548602933962089,
CDG-753,0.0,,0.0,
CDG-753,0.0,,0.0,
CDG-753,1.0,,1.0,
CDG-753,,0.8018918978735675,,0.8004385412554964
CDH-754,2.0,,2.0,
CDH-754,0.0,,0.0,
CDH-754,0.0,,0.0,
CDH-754,0.5821384700573143,,0.5854283946337135,
CDH-754,0.0,,0.0,
CDH-754,0.0,,0.0,
CDH-754,0.0,,0.0,
CDH-754,0.41000264431201316,,0.43504914598978056,
CDH-754,0.0,,0.0,
CDH-754,0.0,,0.0,
CDH-754,0.7892054450438144,,0.7285392773758415,
CDH-754,0.5733858839708699,,0.5394595128274601,
CDH-754,,0.0,,0.0
CDM-759,2.0,,2.0,
CDM-759,,0.6272105948783059,,0.5152779568134549
CDM-759,0.6348321642010039,,0.6327909507094182,
CDM-759,0.6573034956067993,,,0.5528900764188035
CDM-759,0.6322534542201863,,0.605759573893262,
CDM-759,,0.2546725920258381,,0.3533485718505746
CDM-759,0.6494603485439835,,0.583056443442066,
CDM-759,,0.6193484743693938,,0.5106638939679677
CDM-759,0.803002946563213,,0.7089916217190787,
CDM-759,0.0,,0.0,
CDM-759,0.0,,0.0,
CDM-759,0.5728739219113177,,0.4652113207682023,
CDM-759,,0.50231601413742,,0.42633099508038413
CDM-759,0.519073087039786,,0.47828651540320327,
CDM-759,0.0,,0.0,
CDM-759,0.0,,0.0,
CDM-759,0.0,,0.0,
CDM-759,0.0,,0.0,
CDR-764,2.0,,2.0,
CDR-764,,0.0,,0.0
CDR-764,0.6194652657586913,,0.5927320795329062,
CDR-764,0.6841970599865758,,,0.548474609436829
CDR-764,0.7894407873342654,,0.7641377187098998,
CDR-764,0.0,,0.640523279020581,
CDR-764,0.0,,0.0,
CDR-764,0.0,,0.0,
CDR-764,0.7857267513244905,,0.7259410895064535,
CDR-764,0.0,,0.0,
CDR-764,0.0,,0.0,
CDR-764,0.6648827410413357,,0.629292998523246,
CDR-764,0.6477688673948793,,0.4882862213191033,
CDR-764,,0.37211662809380214,,0.3224034396108731
CDR-764,0.4820762783657614,,0.5044158503336456,
CDR-764,0.0,,0.0,
CDR-764,0.0,,0.0,
CDU-767,2.0,,2.0,
CDU-767,,0.554071626308839,,0.5216253513515097
CDU-767,0.6053475538172952,,0.6343326028191837,
CDU-767,0.8378177294278359,,0.7681389064993795,
CDU-767,0.5311654882313194,,0.5045806970249341,
CDU-767,0.0,,0.0,
CDU-767,0.0,,0.0,
CDU-767,0.5764856823120514,,0.5959697465778369,
CDU-767,,0.51226347254114,,0.5504251202232017
CDU-767,0.7921043140363008,,0.7643223081820134,
CDU-767,0.44268047971288743,,0.5521272622531295,
CDU-767,0.31170396129191114,,0.3112289266624533,
CDU-767,,0.28753201965295233,,0.23464326250105996
CDU-767,0.6262356736295608,,0.5194353193900215,
CDU-767,0.4511592928517012,,0.4472485258445149,
CDU-767,0.0,,,0.41298948354039466
CDU-767,0.0,,0.8027531521938218,
CDU-767,0.3468377596228109,,,0.5548602933962089
SFZ-149,2.0,,2.0,
SFZ-149,0.0,,0.0,
SFZ-149,0.0,,0.0,
SFZ-149,0.6367920664832305,,0.6977802673028314,
SFZ-149,0.19024596473004626,,0.27737383918378933,
SFZ-149,0.0,,0.0,
SFZ-149,0.0,,0.0,
SFZ-149,0.47875502835637657,,0.40767538191710073,
SFZ-149,0.5078957855439837,,0.47797248784443025,
SFZ-149,0.8378177294278359,,0.7681389064993795,
SFZ-149,0.0,,0.0,
SFZ-149,0.0,,0.0,
SFZ-149,0.715330957427472,,0.6391597414384069,
SFZ-149,,0.2477778357435262,,0.27089388894248256
SFZ-149,0.47192356189879064,,0.44530657483707003,
SFZ-149,,0.3026689971525811,,0.39182523323202095
SFZ-149,0.47418090531714197,,0.5631493314966279,
SFZ-149,0.7367251350156103,,0.6377204663938916,
SFZ-149,,0.6082856765853832,0.6441282969283133,
SGO-159,2.0,,2.0,
SGO-159,0.5258985334381974,,0.5438455221695369,
SGO-159,0.0,,0.0,
SGO-159,0.0,,0.0,
SGO-159,0.7196424740670707,,0.7615815702793896,
SGO-159,0.6367920664832305,,0.6977802673028314,
SGO-159,0.5454617304728827,,0.4916793952446589,
SGO-159,0.0,,0.0,
SGO-159,0.0,,0.0,
SGO-159,0.0,,0.0,
SGO-159,0.47418090531714197,,0.5631493314966279,
SGO-159,,0.3468377596228109,0.5548602933962089,
SGO-159,0.6283090675167448,,,0.5393918124454604
SGO-159,0.7548413451292044,,0.7037926874131198,
SGO-159,0.0,,0.0,
SGO-159,0.0,,0.0,
SGO-159,0.0,,0.0,
SGO-159,0.5846794653500532,,0.5155563950038551,
SGO-159,,0.398691450803782,,0.21490942650415307
SGO-159,0.46401205455991146,,0.30168516380130583,
SGO-159,0.6610760111935341,,0.5345275310876956,
SGO-159,0.5915704201388786,,0.6324028067622411,
SGO-159,,0.4479019314356823,,0.5685938070485561
SGO-159,0.7104222666293618,,0.6790797775441532,
SGO-159,0.7104222666293618,,0.6790797775441532,
SGO-159,,0.4580543566850057,,0.5110159596988464
SGO-159,0.7227680387508737,,0.7144051594165327,
SGO-159,,0.5860321973914239,,0.5737210558748866
SGO-159,0.7052732313673655,,0.6854725231827825,
SGO-159,0.5941897086986763,,,0.4150882252448793
SGO-159,0.5741013175616968,,0.6208740442329789,
SGO-159,,0.5641084534286992,0.5722194589526469,
SGO-159,0.5804536100580437,,,0.529893800100613
SGO-159,0.6209298707629096,,0.6506691533173528,
SGO-159,,0.5346838354169309,,0.49643537735792487
SIU-211,2.0,,2.0,
SIU-211,0.8069865631440539,,,0.6989081019589145
SIU-211,,0.7187798973849114,0.7056069477871592,
SIU-211,0.8378177294278359,,0.7681389064993795,
SIU-211,0.7235815449499674,,0.7005668500595651,
SIU-211,,0.6469832735526759,0.6425335909074518,
SIU-211,0.6966627736513161,,,0.5150362504160365
SIU-211,1.0,,0.9999999999999998,
SIU-211,0.6747043726447318,,0.49016262103367436,
SIU-211,,0.46600302122502246,,0.3529707135435563
SIU-211,0.5206578854392113,,0.425530922025404,
SIU-211,0.8581110888831713,,0.7828666784187036,
SIU-211,0.7730798666701991,,0.7492864749802052,
SIU-211,,0.4398365879953378,,0.4498334663303933
SIU-211,0.554071626308839,,0.5216253513515097,
SIU-211,0.0,,0.0,
SIU-211,0.0,,0.0,
SIU-211,0.5838886938193597,,0.42662155637608057,
SIU-211,0.4537381822321555,,0.44529208100003637,
SIU-211,0.0,,0.0,
SIU-211,0.0,,0.0,
SIU-211,0.4617205997715693,,0.45920588464455375,
SIU-211,,0.0,,0.0
SIZ-390,2.0,,2.0,
SIZ-390,0.6798916772706574,,0.6506390986817484,
SIZ-390,0.6080758840403627,,0.5627445344213553,
SIZ-390,,0.48810290706239085,,0.5538478528349019
SIZ-390,0.804666180505832,,0.7131893071677619,
SIZ-390,0.8378177294278359,,0.7681389064993795,
SIZ-390,0.8378177294278359,,0.7681389064993795,
SIZ-390,0.6005211133387935,,0.5510461635914914,
SIZ-390,0.0,,0.0,
SIZ-390,0.0,,0.0,
SIZ-390,0.0,,0.0,
SIZ-390,0.0,,0.0,
SIZ-390,0.0,,0.0,
SIZ-390,0.0,,0.0,
SIZ-390,0.5048159716820732,,0.4534569784503354,
SIZ-390,0.0,,0.0,
SIZ-390,0.0,,0.0,
SKE-234,2.0,,2.0,
SKE-234,0.0,,0.0,
SKE-234,0.0,,0.0,
SKE-234,0.0,,0.0,
SKE-234,0.0,,0.0,
SKE-234,0.4747476233927709,,0.575975015896018,
SKE-234,,0.2340081352153258,,0.33299419958534787
SKE-234,0.4998827100630846,,0.5678815124945602,
SKE-234,,0.28984735872212103,,0.35284795531554997
SKE-234,0.31171923284385444,,0.5074423617949375,
SKE-234,0.623420550391799,,0.6202208637814879,
SKE-234,,0.531017010293181,0.6869940691724519,
SKE-234,0.5769980921643166,,,0.49524966448782165
SKE-234,0.787320469006545,,0.6822708632783165,
SKE-234,,0.7487449379417428,,0.5992474930318766
SKE-234,0.8581110888831713,,0.7828666784187036,
SKE-234,,0.5526269901492397,,0.5577521792646974
SKE-234,0.6561670730667024,,0.6573719540990679,
SKE-234,0.7072902645342379,,,0.5750295452677352
SKE-234,0.8745785976068601,,0.8628857048123819,
SKE-234,0.728942522630007,,0.6833907215446245,
SKE-234,,0.5860321973914239,,0.5737210558748866
SKE-234,0.7227680387508737,,0.7144051594165327,
SKE-234,0.6985950791001702,,0.6174006090793362,
SKE-234,,0.5641084534286992,,0.5722194589526469
SKE-234,0.7685242654904513,,0.7134504137137361,
SKE-234,,0.6668957256320585,,0.5628869584290618
SMK-401,2.0,,2.0,
SMK-401,0.0,,0.0,
SMK-401,0.0,,0.0,
SMK-401,0.3245312955844734,,0.513181142303975,
SMK-401,0.4601379096348509,,0.5621760617893716,
SMK-401,0.7695593013208482,,0.7049731268537882,
SMK-401,,0.622582525611953,0.6531250994888781,
SMK-401,0.6481893296378758,,0.576924527834616,
SMK-401,,0.4548139016687977,,0.43100153465876945
SMK-401,0.5666466109792846,,0.48452532101817625,
SMK-401,0.0,,0.0,
SMK-401,0.0,,0.0,
SMK-401,0.5157038276961321,,0.539291262989329,
SMK-401,0.7894407873342654,,0.7641377187098998,
SMK-401,0.7028733196986345,,0.5998169732396196,
SMK-401,0.0,,0.0,
SMK-401,0.0,,0.0,
SMK-401,0.7334882084465411,,0.7044682582263694,
SMK-401,,0.4973636176088394,,0.5536741617586777
SMK-401,0.7700362582296562,,0.7925182799560726,
SMK-401,,0.6727713214062596,,0.5091174652411037
SMK-401,0.9999999999999999,,1.0,
SMK-401,,0.6089293468421717,,0.559647064345644
SNI-300,2.0,,2.0,
SNI-300,,0.6573931607919041,,0.6856627581835968
SNI-300,0.7921043140363008,,0.7643223081820134,
SNI-300,0.0,,0.0,
SNI-300,0.0,,0.0,
SNI-300,0.0,,0.0,
SNI-300,0.0,,0.0,
SNI-300,0.5647789186488339,,0.583117562826548,
SNI-300,0.7154937116055712,,0.7268456623288724,
SNI-300,0.0,,0.0,
SNI-300,0.0,,0.0,
SNI-300,0.6617437919804386,,0.6295601271632969,
SNI-300,0.0,,0.7064506661409862,
SNI-300,0.0,,,0.6422213177797584
SNI-300,0.8745785976068601,,0.8628857048123819,
SNI-300,0.6999886036400987,,0.6631563533332046,
SNI-300,,0.4139299250465526,,0.3054306233646614
SNR-308,2.0,,2.0,
SNR-308,0.0,,0.0,
SNR-308,0.0,,0.0,
SNR-308,0.5933624648775448,,0.5698588263653026,
SNR-308,,0.5870827064156439,,0.5552854858899335
SNR-308,0.7754371823126677,,0.7503977763568868,
SNR-308,0.6723626545093575,,0.6544465470015608,
SNR-308,,0.6606232802329245,,0.6139131922080975
SNR-308,0.786435452869715,,0.711026502277847,
SNR-308,0.526206639728127,,0.4816668494827304,
SNR-308,0.36737349719350043,,0.29378554291360687,
SNR-308,0.0,,0.0,
SNR-308,0.0,,0.0,
SNR-308,0.4998827100630846,,0.5678815124945602,
SNR-308,,0.30985470654621045,,0.2879157121070865
SNT-310,2.0,,2.0,
SNT-310,0.0,,0.6806873209704929,
SNT-310,0.0,,0.0,
SNT-310,0.0,,0.0,
SNT-310,0.7042286453918051,,0.5518258629496459,
SNT-310,0.8745785976068601,,0.8628857048123819,
SNT-310,,0.7113119291740693,,0.675170086489144
SNT-310,0.7259693088449979,,0.6785120622768551,
SNT-310,0.0,,0.0,
SNT-310,0.0,,0.0,
SNT-310,0.6984894678873145,,0.7754488486757538,
SNT-310,0.7227680387508737,,0.7144051594165327,
SNT-310,0.0,,0.0,
SNT-310,0.0,,0.0,
SNT-310,0.7630159056210073,,0.6849012338404298,
SNT-310,0.7294977902170622,,0.677326606318443,
SNT-310,0.0,,0.0,
SNT-310,0.0,,0.0,
SNT-310,0.5316133876208634,,0.43719687489939535,
SNT-310,,0.4958711032494342,0.46965686552140634,
SNT-310,0.8378177294278359,,0.7681389064993795,
SNT-310,0.8253267571064894,,0.72025888279098,
SNT-310,0.5167032581255799,,,0.5443177996470046
SNT-310,0.47748636251026044,,0.6878796164793215,
SNT-310,0.0,,0.74689049001478,
SNT-310,0.0,,,0.7080052205278513
SNV-312,2.0,,2.0,
SNV-312,,0.554071626308839,,0.5216253513515097
SNV-312,0.6209298707629096,,0.6506691533173528,
SNV-312,,0.5975955453165043,,0.5970055742298973
SNV-312,0.6324777554204875,,0.7206462221263864,
SNV-312,0.7461053728829109,,,0.665950853762572
SNV-312,0.8378177294278359,,0.7681389064993795,
SNV-312,0.5997269973039279,,0.553775806254437,
SNV-312,0.0,,0.0,
SNV-312,0.0,,0.0,
SNV-312,0.6691336028976156,,0.6301417547393656,
SNV-312,0.7356774886649605,,0.6452327938295612,
SNV-312,0.6114786775717364,,0.5273859445967226,
SNV-312,,0.49898497209730364,,0.4575838521158962
SNV-312,0.526206639728127,,0.4816668494827304,
SNV-312,0.6719422154833341,,0.6466949327018566,
SNV-312,,0.0,,0.0
SNY-315,2.0,,2.0,
SNY-315,,0.0,,0.0
SNY-315,0.7824022400078555,,0.7452217842438662,
SNY-315,,0.6148944699390642,,0.5547125493937585
SNY-315,0.8745785976068601,,0.8628857048123819,
SNY-315,0.7525729471567496,,0.7131738898244471,
SNY-315,0.0,,,0.5171698692151908
SNY-315,0.0,,0.645108357391031,
SNY-315,0.8378177294278359,,0.7681389064993795,
SNY-315,0.7104222666293618,,0.6790797775441532,
SNY-315,0.6046879862352511,,,0.5527196645315968
SNY-315,0.47337461784646767,,0.5916771436770546,
SNY-315,0.43033048719603617,,0.5008612768992216,
SNY-315,,0.17741993795591957,,0.30594708780634994
SNY-315,0.2383529750461766,,0.3197823292196129,
SNY-315,0.6771751531320429,,0.5950757282223759,
SNY-315,0.7433118891653093,,0.6439075247344901,
SNY-315,0.773668018005576,,0.7265640563586404,
SNY-315,,0.7227680387508737,,0.7144051594165327
SOA-317,2.0,,2.0,
SOA-317,0.0,,0.0,
SOA-317,0.0,,0.0,
SOA-317,0.0,,0.5164223599390718,
SOA-317,0.7333106287217793,,0.7102100083889007,
SOA-317,0.0,,0.0,
SOA-317,0.0,,0.0,
SOE-320,2.0,,2.0,
SOE-320,0.0,,0.0,
SOE-320,0.0,,0.0,
SOE-320,0.7227680387508737,,0.7144051594165327,
SOE-320,,0.47912871121387807,,0.34363276115846836
SOE-320,0.8745785976068601,,0.8628857048123819,
SOE-320,0.7312998150701533,,0.6962219676262801,
SOE-320,0.0,,0.6806873209704929,
SOE-320,0.0,,0.6404175438143798,
SOE-320,0.6239139354578737,,0.5982440523188578,
SOE-320,0.0,,0.0,
SOE-320,0.0,,0.0,
SOQ-329,2.0,,2.0,
SOQ-329,0.0,,0.0,
SOQ-329,0.0,,0.0,
SOQ-329,0.7334882084465411,,0.7044682582263694,
SOQ-329,0.8378177294278359,,0.7681389064993795,
SOQ-329,,0.7602705018652869,,0.6963213212121123
SOQ-329,0.8745785976068601,,0.8628857048123819,
SOQ-329,0.5811393626954854,,0.6330656576107478,
SOQ-329,0.4956452330773644,,0.544253072443848,
SOQ-329,0.0,,0.0,
SOQ-329,0.0,,0.0,
SOQ-329,0.0,,0.0,
SOQ-329,0.4481606378369533,,0.4664109166704876,
SOQ-329,0.531017010293181,,0.6869940691724519,
SOQ-329,0.5106473386485636,,0.36422653074621775,
SOQ-329,0.28984735872212103,,0.35284795531554997,
SOQ-329,,0.17741993795591957,,0.30594708780634994
SOQ-329,0.3997217676325608,,0.3793199670413255,
SOQ-329,0.5521056500940515,,0.5681538963554418,
SOQ-329,,0.3554088991480597,,0.2953920195813963
SOQ-329,0.5057837573932947,,0.44555170522905463,
SOQ-329,,0.0,,0.0
SOX-335,2.0,,2.0,
SOX-335,0.7334882084465411,,0.7044682582263694,
SOX-335,0.0,,0.0,
SOX-335,0.0,,0.0,
SOX-335,0.0,,0.0,
SOX-335,0.0,,0.0,
SOX-335,0.2340081352153258,,0.33299419958534787,
SOX-335,0.4391794273310262,,0.49849024676461295,
SOX-335,0.7921043140363008,,0.7643223081820134,
SOX-335,,0.0,,0.0
SPA-338,2.0,,2.0,
SPA-338,,0.38601421364725547,,0.34513289282418147
SPA-338,0.8378177294278359,,0.7681389064993795,
SPA-338,0.0,,0.0,
SPA-338,0.0,,0.0,
SPA-338,0.0,,0.0,
SPA-338,0.0,,0.0,
SPA-338,0.531017010293181,,0.6869940691724519,
SPA-338,0.7093772702257071,,0.7789630041906285,
SPA-338,0.0,,,0.5953484657734173
SPA-338,0.0,,0.6579829213355147,
SPA-338,0.32894145147879184,,,0.4620890734239284
SPA-338,0.7461053728829109,,0.665950853762572,
SPA-338,0.688534112920867,,0.7408621547818116,
SPA-338,0.0,,0.0,
SPA-338,0.0,,0.0,
SPC-340,2.0,,2.0,
SPC-340,0.611473070229113,,0.6109038393474308,
SPC-340,,0.5641084534286992,,0.5722194589526469
SPC-340,0.7051661525577775,,0.7506228137963159,
SPC-340,0.5620549853053401,,0.5265119268327753,
SPC-340,,0.43533067739150105,,0.2705517324055837
SPC-340,0.7227680387508737,,0.7144051594165327,
SPC-340,0.0,,0.49923534765763106,
SPC-340,0.0,,0.0,
SPC-340,0.0,,0.0,
SPC-340,0.44966890897561085,,0.4048897080498951,
SPC-340,,0.42120279514414644,0.4614476743595925,
SPC-340,0.582728031687178,,0.7030155998622596,
SPC-340,0.5106473386485636,,0.36422653074621775,
SPC-340,0.0,,0.0,
SPC-340,0.0,,0.0,
SPC-340,0.6194652657586913,,0.5927320795329062,
SPC-340,,0.5097531308067911,,0.5572382803967345
SPC-340,0.7367251350156103,,0.6377204663938916,
SPH-344,2.0,,2.0,
SPH-344,,0.0,,0.5383923376437907
SPH-344,0.6776698033882239,,0.565315271370276,
SPH-344,0.8745785976068601,,0.8628857048123819,
SPH-344,0.5811393626954854,,0.6330656576107478,
SPH-344,,0.5436962336104043,,0.5653334368629681
SPH-344,0.8378177294278359,,0.7681389064993795,
SPH-344,0.7064282852624827,,0.538074262142442,
SPH-344,,0.0,,0.0
SPL-436,2.0,,2.0,
SPL-436,0.8046120560217579,,0.7355752224023244,
SPL-436,0.6943829767248008,,0.6809996966148849,
SPL-436,,0.39291852614658607,,0.3956068361256396
SPL-436,0.6441252233450677,,0.6105810141987551,
SPL-436,0.8378177294278359,,0.7681389064993795,
SPL-436,0.41216494102879014,,0.3098987969102535,
SPL-436,0.0,,0.0,
SPL-436,0.0,,0.0,
SPL-436,0.0,,0.0,
SPL-436,0.0,,0.0,
SPL-436,0.28984735872212103,,0.35284795531554997,
SPL-436,0.48038108628259996,,0.401796414458427,
SPL-436,,0.25930102582527104,,0.33939375845804753
SPL-436,0.609865940995042,,0.6156548840358687,
SPL-436,1.0,,1.0,
SPL-436,,0.5934731530085579,,0.49083470640030546
SPV-450,2.0,,2.0,
SPV-450,0.7113119291740693,,0.675170086489144,
SPV-450,0.5620549853053401,,,0.5265119268327753
SPV-450,0.5587707702302488,,0.5691148417364407,
SPV-450,0.0,,0.0,
SPV-450,0.0,,0.0,
SPV-450,0.6995598877694744,,0.6897223271873661,
SPV-450,0.7356774886649605,,0.6452327938295612,
SPV-450,0.5262398237714749,,0.582456295029822,
SPV-450,0.0,,0.0,
SPV-450,0.0,,0.0,
SPV-450,0.7558820350140881,,0.8300342218066021,
SPV-450,0.8378177294278359,,0.7681389064993795,
SPV-450,0.811261831141742,,0.6838323983160726,
SPV-450,0.787320469006545,,0.6822708632783165,
SPV-450,,0.4455963804066423,,0.3789061779170085
SPV-450,0.5641084534286992,,0.5722194589526469,
SPV-450,0.7415335124287256,,0.7257030883609292,
SPX-452,2.0,,2.0,
SPX-452,0.5362384215406943,,,0.5877268255846843
SPX-452,,0.531017010293181,0.6869940691724519,
SPX-452,0.6706827303907111,,0.7354736006545667,
SPX-452,0.688534112920867,,0.7408621547818116,
SPX-452,0.564482829740944,,0.6178720109931024,
SPX-452,,0.3997217676325608,,0.3793199670413255
SPX-452,0.48875201722556516,,0.4312029971995971,
SPX-452,0.787320469006545,,0.6822708632783165,
SPX-452,0.48788869304696547,,0.3820273082140924,
SPX-452,0.0,,0.0,
SPX-452,0.0,,0.0,
SPX-452,0.0,,0.0,
SPX-452,0.0,,0.0,
SPX-452,0.0,,0.0,
SPX-452,0.5408263936097002,,0.7423816994842525,
SPX-452,0.6555257069153385,,,0.6402599256023763
SPX-452,0.7356774886649605,,0.6452327938295612,
SPX-452,0.7857267513244905,,0.7259410895064535,
SPX-452,,0.6889418679002602,0.7048095738944646,
SPX-452,0.7104222666293618,,,0.6790797775441532
SRF-483,2.0,,2.0,
SRF-483,,0.4958711032494342,,0.46965686552140634
SRF-483,0.6809057161982097,,0.6376705357921857,
SRF-483,0.8745785976068601,,0.8628857048123819,
SRF-483,0.7184137816756216,,0.5676608749566058,
SRF-483,0.6966627736513161,,,0.5150362504160365
SRF-483,0.61649141127193,,0.6585845940835139,
SRF-483,0.0,,0.727231431560864,
SRF-483,0.0,,0.0,
SRF-483,0.0,,0.0,
SRF-483,0.5860321973914239,,0.5737210558748866,
SRF-483,,0.38825048038259524,,0.31050748361906044
SRF-483,0.5809864116123515,,0.5023065082351296,
SRF-483,0.0,,0.0,
SRF-483,0.0,,0.0,
SRR-498,2.0,,2.0,
SRR-498,0.47912871121387807,,0.34363276115846836,
SRR-498,,0.35672218298098846,,0.24913979438767658
SRR-498,0.3885345647586167,,0.4327171683987378,
SRR-498,0.6283090675167448,,0.5393918124454604,
SRR-498,0.47953931910373404,,0.3835756871994073,
SRR-498,,0.38288911556645977,,0.33667780027913946
SRR-498,0.5806138795944444,,0.5974254787396763,
SRR-498,0.5320589397105987,,0.5450217210011102,
SRR-498,0.0,,0.0,
SRR-498,0.0,,0.0,
SRR-498,0.6659030571317933,,0.5652194146499413,
SRR-498,0.6199342325627273,,0.5008266109569695,
SRR-498,,0.3997217676325608,,0.3793199670413255
SRR-498,0.5303773257847434,,0.5380018543142598,
SRR-498,0.7097484931917211,,,0.5246643263028219
SRR-498,0.7469160300555865,,0.6644040020223635,
SSG-520,2.0,,2.0,
SSG-520,0.0,,0.0,
SSG-520,0.0,,0.0,
SSG-520,0.4140184102544303,,0.4687369654350793,
SSG-520,0.7042451959367448,,0.7262201316996267,
SSG-520,0.7093772702257071,,0.7789630041906285,
SSG-520,,0.5989701382275696,,0.5380518810411198
SSG-520,0.6978677871720003,,0.6338457951948674,
SSG-520,0.8745785976068601,,0.8628857048123819,
SSG-520,0.7206932879969659,,0.6952145592939472,
SSG-520,,0.6126758427052204,,0.6577824345826482
SSG-520,1.0000000000000002,,1.0,
SSG-520,0.6201349242814236,,0.5917533293764086,
SSG-520,0.0,,0.0,
SSG-520,0.0,,0.0,
SSZ-539,2.0,,2.0,
SSZ-539,0.7227680387508737,,0.7144051594165327,
SSZ-539,,0.47912871121387807,,0.34363276115846836
SSZ-539,0.5811393626954854,,0.6330656576107478,
SSZ-539,,0.554071626308839,,0.5216253513515097
SSZ-539,0.7398977733098251,,0.6876917554091692,
SSZ-539,0.5697343269822039,,0.6933156817395748,
SSZ-539,0.5697343269822039,,0.6933156817395748,
SSZ-539,0.0,,0.0,
SSZ-539,0.0,,0.0,
SSZ-539,0.531017010293181,,0.6869940691724519,
SSZ-539,,0.4088369686446984,,0.5214126120672994
SUG-544,2.0,,2.0,
SUG-544,0.728942522630007,,,0.6833907215446245
SUG-544,,0.6984894678873145,0.7754488486757538,
SUG-544,0.6985950791001702,,0.6174006090793362,
SUG-544,,0.37149004650447875,,0.3215951328308907
SUG-544,0.6194652657586913,,0.5927320795329062,
SUG-544,0.4956452330773644,,0.544253072443848,
SUG-544,0.0,,0.0,
SUG-544,0.0,,0.0,
SUG-544,0.9999999999999999,,0.9999999999999999,
SUG-544,0.0,,0.6360747079687079,
SUG-544,0.0,,0.6360733661169052,
SUG-544,0.5561222575511516,,0.6072292752796077,
SUG-544,0.0,,0.0,
SUG-544,0.0,,0.0,
SUT-556,2.0,,2.0,
SUT-556,0.0,,0.0,
SUT-556,0.0,,0.0,
SUT-556,0.0,,0.0,
SUT-556,0.0,,0.5164223599390718,
SUT-556,0.7398977733098251,,0.6876917554091692,
SUT-556,0.8745785976068601,,0.8628857048123819,
SUT-556,0.7511121321644622,,0.5371468257898924,
SUT-556,0.0,,0.0,
SUT-556,0.0,,0.0,
SUT-556,0.4292475063919917,,0.42728173670275094,
SUT-556,0.43947688273888136,,,0.4212452375520232
SUT-556,0.5860321973914239,,0.5737210558748866,
SUT-556,0.6984894678873145,,0.7754488486757538,
SUT-556,,0.5728739219113177,,0.4652113207682023
SUV-558,2.0,,2.0,
SUV-558,0.0,,0.0,
SUV-558,0.0,,0.0,
SUV-558,0.687739457647682,,0.6205289856589515,
SUV-558,0.0,,0.6806873209704929,
SUV-558,0.0,,0.7106100654252625,
SUV-558,0.6705515458189052,,0.7371139740631305,
SUV-558,0.4747476233927709,,0.575975015896018,
SUV-558,0.0,,0.0,
SUV-558,0.0,,0.0,
SUV-558,0.6060872173720693,,0.5379700458586094,
SUV-558,0.5867148606863863,,0.6871059973684754,
SUV-558,0.466745803490065,,,0.5101146170373223
SUV-558,0.0,,0.5925089826276184,
SUV-558,0.0,,,0.537519691400082
SUV-558,0.7227680387508737,,0.7144051594165327,
SUV-558,0.8223375017468243,,0.7422741568618488,
SUV-558,,0.5538485136715439,,0.5013223540428927
SVA-563,2.0,,2.0,
SVA-563,0.0,,0.0,
SVA-563,0.0,,0.0,
SVA-563,0.0,,0.0,
SVA-563,0.0,,0.0,
SVA-563,1.0000000000000002,,1.0,
SVA-563,,0.37276025463277934,,0.6083314375745431
SVA-563,0.8745785976068601,,0.8628857048123819,
SVA-563,0.0,,0.0,
SVA-563,0.0,,0.0,
SVA-563,0.5262398237714749,,0.582456295029822,
SVA-563,0.7356774886649605,,0.6452327938295612,
SVA-563,0.5665404478676399,,0.43417955540990244,
SVA-563,0.0,,0.0,
SVA-563,0.0,,0.0,
SVA-563,0.0,,0.0,
SVA-563,0.6101529201880017,,0.5872770710125047,
SVA-563,,0.5165673537433334,,0.5470936244740446
SVA-563,0.759641934512523,,0.7600411475078961,
SVA-563,0.7942542894442013,,0.7680616547781371,
SVH-570,2.0,,2.0,
SVH-570,0.7525729471567496,,0.7131738898244471,
SVH-570,0.0,,0.0,
SVH-570,0.0,,0.0,
SVH-570,0.0,,0.0,
SVH-570,0.45526968057530814,,0.44212250632372446,
SVH-570,0.0,,0.0,
SVH-570,0.0,,0.0,
SVH-570,0.0,,0.7249245423516938,
SVH-570,0.0,,0.0,
SVH-570,0.0,,0.0,
SVH-570,0.512198888839565,,0.3805102736882214,
SVH-570,,0.39453693399800827,0.5247463587267563,
SVH-570,0.6005211133387935,,0.5510461635914914,
SVY-587,2.0,,2.0,
SVY-587,0.0,,0.0,
SVY-587,0.0,,0.0,
SVY-587,0.0,,0.0,
SVY-587,0.0,,0.0,
SVY-587,0.6741070962166072,,0.6629557981843097,
SVY-587,0.8745785976068601,,0.8628857048123819,
SVY-587,0.7511121321644622,,0.5371468257898924,
SVY-587,0.0,,0.0,
SVY-587,0.0,,0.0,
SVY-587,0.0,,0.0,
SVY-587,0.0,,0.0,
SVY-587,0.6540301638520143,,0.45761292377618074,
SVY-587,0.5975955453165043,,0.5970055742298973,
SVY-587,,0.53921663719654,,0.5461201852965153
SVY-587,0.7414791257416772,,0.6870216384189025,
SVY-587,0.7453632605725187,,,0.6831759390266143
SVY-587,,0.7004983555158016,0.7078658594411038,
SZA-781,2.0,,2.0,
SZA-781,0.7101723921527487,,,0.7181036874972738
SZA-781,,0.6984894678873145,0.7754488486757538,
SZA-781,0.6985950791001702,,0.6174006090793362,
SZA-781,,0.5641084534286992,,0.5722194589526469
SZA-781,0.7429073573596445,,0.7318866815872529,
SZA-781,,0.7356774886649605,,0.6452327938295612
SZA-781,0.8069865631440539,,0.6989081019589145,
SZA-781,0.0,,0.0,
SZA-781,0.0,,0.0,
SZA-781,0.6920851631648872,,0.5320188556716365,
SZA-781,0.742912048855533,,0.7610276641957261,
SZA-781,,0.7106719787578608,0.74129114353383,
SZA-781,0.747259477364279,,,0.7067247526937641
SZA-781,0.7547038907915292,,0.7076147205496787,
SZA-781,,,,
