Participant,Word1,Word2,Similarity_W2V,Similarity_S2V
CAF-657,lizard,cat,2,2
CAF-657,cat,hawk,0.6904674498050439,0.6053999681020052
CAF-657,hawk,dog,0.7866447762617235,0.6483614305671893
CAF-657,dog,turtle,0.6092676788655821,0.4773009567110859
CAF-657,turtle,jellyfish,0.6540301638520143,0.45761292377618074
CAF-657,jellyfish,bear,0.23800927910386172,0.2543252728500081
CAF-657,bear,ant,0.4579534898149587,0.5399881670879917
CAF-657,ant,mosquito,0.4970058895611735,0.5678356471562336
CAF-657,mosquito,frog,0.6063742677091867,0.5700534876591165
CAF-657,frog,tadpole,0,0.658908898137194
CAF-657,tadpole,fish,0,0.5196178314037644
CAF-657,fish,shark,0.7093772702257071,0.7789630041906285
CAF-657,shark,dolphin,0.531017010293181,0.6869940691724519
CAF-657,dolphin,gorilla,0.5395520566054112,0.45179428665637567
CAF-657,gorilla,monkey,0.4747476233927709,0.575975015896018
CAF-657,monkey,fly,0.4683842904930954,0.45128902741048
CAF-657,fly,eagle,0.7194081143243247,0.6757035402907089
CAF-657,eagle,toad,0.5003864960477192,0.5278482715926955
CAF-657,toad,rat,0.7527778608667554,0.6303173493038485
CAF-657,rat,mouse,0.768353054741348,0.6719005679353358
CAF-657,mouse,gerbil,0,0
CAF-657,gerbil,groundhog,0,0
CAF-657,groundhog,fox,0,0
CAF-657,fox,raccoon,0,0
CAF-657,raccoon,deer,0,0
CAF-657,deer,squirrel,0.7166918074022757,0.6161570362477106
CAF-657,squirrel,rabbit,0.803002946563213,0.7089916217190787
CAF-657,rabbit,bluejay,0,0
CAJ-663,peacock,giraffe,2,2
CAJ-663,giraffe,elephant,0,0
CAJ-663,elephant,zebra,0,0.6806873209704929
CAJ-663,zebra,horse,0,0.537519691400082
CAJ-663,horse,cat,0.47912871121387807,0.34363276115846836
CAJ-663,cat,dog,0.8745785976068601,0.8628857048123819
CAJ-663,dog,iguana,0,0
CAJ-663,iguana,turtle,0,0
CAJ-663,turtle,dolphin,0.42304143629827595,0.47698581339819934
CAJ-663,dolphin,penguin,0.5000639474678137,0.4732702795470824
CAJ-663,penguin,buffalo,0.5095229242769956,0.38457190811574227
CAJ-663,buffalo,kangaroo,0.49952038634024076,0.5121324851884607
CAJ-663,kangaroo,goose,0.517720672073823,0.5516781962476115
CAJ-663,goose,duck,0.7547038907915292,0.7076147205496787
CAJ-663,duck,swan,0.5789778565343725,0.4973433764437272
CAJ-663,swan,monkey,0.44121786581827477,0.46343888592140314
CAJ-663,monkey,chimp,0,0
CAJ-663,chimp,lion,0,0
CAJ-663,lion,tiger,0.8378177294278359,0.7681389064993795
CAM-666,cat,dog,2,2
CAM-666,dog,iguana,0,0
CAM-666,iguana,wombat,0,0
CAM-666,wombat,goat,0,0
CAM-666,goat,platypus,0,0
CAM-666,platypus,bear,0,0
CAM-666,bear,firefly,0.3436777207524676,0.36757856424289737
CAM-666,firefly,fly,0.5719468120458518,0.581332145687298
CAM-666,fly,ant,0.4537381822321555,0.44529208100003637
CAM-666,ant,bird,0.4840519237978438,0.4735197335911638
CAM-666,bird,eagle,0.7894407873342654,0.7641377187098998
CAM-666,eagle,moose,0.6659951137397667,0.5835027087954353
CAM-666,moose,deer,0.7128431779025395,0.6156015389764411
CAM-666,deer,mouse,0.6644883959874124,0.5123397974644501
CAM-666,mouse,duck,0.7670680092805389,0.6970840463037914
CAM-666,duck,crow,0.6994166177882621,0.6417775971582632
CAM-666,crow,frog,0.7345157144882549,0.7029401369658775
CAM-666,frog,tadpole,0,0.658908898137194
CAM-666,tadpole,caterpillar,0,0.7332506989804985
CAM-666,caterpillar,butterfly,0.6525690141132497,0.5232816449165089
CAM-666,butterfly,moth,0.619892146848802,0.49231787427331397
CAM-666,moth,gorilla,0.47529514627866626,0.33436918725535947
CAM-666,gorilla,monkey,0.4747476233927709,0.575975015896018
CAM-666,monkey,horse,0.5317620721796017,0.37122553970292416
CAN-667,cat,lion,2,2
CAN-667,lion,tiger,0.8378177294278359,0.7681389064993795
CAN-667,tiger,dog,0.7602705018652869,0.6963213212121123
CAN-667,dog,hamster,0,0
CAN-667,hamster,gerbil,0,0
CAN-667,gerbil,sheep,0,0
CAN-667,sheep,horse,0.654054521810582,0.5641505804027288
CAN-667,horse,pig,0.5860321973914239,0.5737210558748866
CAN-667,pig,goat,0.716236279135211,0.6678917598249352
CAN-667,goat,pony,0.506228867879423,0.48772132165163856
CAN-667,pony,peacock,0.40243939981330745,0.34785271982783855
CAN-667,peacock,bird,0.6947537403681799,0.54713027030339
CAN-667,bird,lion,0.6239139354578737,0.5982440523188578
CAN-667,lion,lamb,0.5777195235771273,0.6026494687952982
CAN-667,lamb,elephant,0.4719559902113143,0.4374474265892113
CAN-667,elephant,chicken,0.37149004650447875,0.3215951328308907
CAN-667,chicken,rooster,0.5641084534286992,0.5722194589526469
CAP-671,giraffe,elephant,2,2
CAP-671,elephant,lion,0.7334882084465411,0.7044682582263694
CAP-671,lion,hippo,0,0
CAP-671,hippo,bat,0,0
CAP-671,bat,fish,0.37211662809380214,0.3224034396108731
CAP-671,fish,shark,0.7093772702257071,0.7789630041906285
CAP-671,shark,turtle,0.5561222575511516,0.6072292752796077
CAP-671,turtle,snake,0.6126758427052204,0.6577824345826482
CAP-671,snake,dolphin,0.4522868760089102,0.5986554247248036
CAP-671,dolphin,whale,0.5913816539767758,0.5859027707692489
CAP-671,whale,chicken,0.43173834755181767,0.45158003917380235
CAP-671,chicken,cow,0.6985950791001702,0.6174006090793362
CAP-671,cow,horse,0.7227680387508737,0.7144051594165327
CAP-671,horse,butterfly,0.27313960506832596,0.2409618138322735
CAP-671,butterfly,bear,0.3405122160576277,0.3907567885110942
CAP-671,bear,deer,0.46600302122502246,0.3529707135435563
CAP-671,deer,tiger,0.7064282852624827,0.538074262142442
CAP-671,tiger,flamingo,0,0
CAQ-672,alligator,octopus,2,2
CAQ-672,octopus,ostrich,0,0
CAQ-672,ostrich,peacock,0.6882396401908035,0.6119836664337878
CAQ-672,peacock,bear,0.30189176359621783,0.29227676350437254
CAQ-672,bear,tiger,0.41216494102879014,0.3098987969102535
CAQ-672,tiger,lion,0.8378177294278359,0.7681389064993795
CAQ-672,lion,gorilla,0.4019849741535031,0.507422279598863
CAQ-672,gorilla,monkey,0.4747476233927709,0.575975015896018
CAQ-672,monkey,dog,0.7398977733098251,0.6876917554091692
CAQ-672,dog,cat,0.8745785976068601,0.8628857048123819
CAQ-672,cat,hyena,0.5691314542700241,0.5462200826218395
CAQ-672,hyena,snake,0.6555257069153385,0.6402599256023763
CAQ-672,snake,fish,0.548383711044663,0.644600673474528
CAQ-672,fish,bird,0.5424227449726353,0.6139757100054463
CAQ-672,bird,rabbit,0.6869441198052897,0.6353870918493768
CAQ-672,rabbit,dolphin,0.3768427471775159,0.5110028856697721
CAQ-672,dolphin,squirrel,0.5137881417255106,0.589872041443141
CAQ-672,squirrel,guinea,0.5465588310106538,0.5570379712037357
CAQ-672,guinea,mouse,0.5219201059495445,0.4325735778017402
CAQ-672,mouse,lizard,0.736472105731918,0.5838297445501157
CAQ-672,lizard,iguana,0,0
CAQ-672,iguana,crocodile,0,0
CAR-673,elephant,giraffe,2,2
CAR-673,giraffe,tiger,0,0
CAR-673,tiger,lion,0.8378177294278359,0.7681389064993795
CAR-673,lion,cheetah,0,0
CAR-673,cheetah,dog,0,0
CAR-673,dog,cat,0.8745785976068601,0.8628857048123819
CAR-673,cat,mouse,0.7996426462737827,0.7187751907214063
CAR-673,mouse,rat,0.768353054741348,0.6719005679353358
CAR-673,rat,ostrich,0.46420997358528854,0.3508289227805149
CAR-673,ostrich,parakeet,0.6867056060139429,0.49601923537442083
CAR-673,parakeet,fish,0.5690045661034961,0.5081587860342918
CAR-673,fish,gerbil,0,0
CAR-673,gerbil,hamster,0,0
CAR-673,hamster,guinea,0,0
CAR-673,guinea,capybara,0,0
CAR-673,capybara,zebra,0,0
CAR-673,zebra,horse,0,0.537519691400082
CAR-673,horse,tiger,0.38601421364725547,0.34513289282418147
CAR-673,tiger,emu,0,0
CAR-673,emu,elk,0,0
CAR-673,elk,deer,0.7910565435481542,0.7510288782306633
CAR-673,deer,antelope,0.759641934512523,0.7600411475078961
CAS-674,cat,dog,2,2
CAS-674,dog,fish,0.554071626308839,0.5216253513515097
CAS-674,fish,shark,0.7093772702257071,0.7789630041906285
CAS-674,shark,dolphin,0.531017010293181,0.6869940691724519
CAS-674,dolphin,shrimp,0,0.5544358017687971
CAS-674,shrimp,crab,0,0.7075974763331351
CAS-674,crab,lobster,0.7145779149871908,0.7101948048840258
CAS-674,lobster,iguana,0,0
CAS-674,iguana,bear,0,0
CAS-674,bear,lion,0.4958711032494342,0.46965686552140634
CAS-674,lion,tiger,0.8378177294278359,0.7681389064993795
CAS-674,tiger,eagle,0.7028733196986345,0.5998169732396196
CAS-674,eagle,falcon,0.6723626545093575,0.6544465470015608
CAS-674,falcon,raven,0.7121667253014342,0.6602788468981106
CAS-674,raven,lizard,0.6509910535696963,0.5541445988755137
CAS-674,lizard,gecko,0,0
CAS-674,gecko,alligator,0,0
CAS-674,alligator,crocodile,0.688534112920867,0.7408621547818116
CAS-674,crocodile,mammoth,0.5895704859229635,0.50496696731492
CAS-674,mammoth,kangaroo,0.404758230648378,0.43718126548837277
CAU-667,shark,stingray,2,2
CAU-667,stingray,angelfish,0,0
CAU-667,angelfish,clownfish,0,0
CAU-667,clownfish,seahorse,0,0
CAU-667,seahorse,seadragon,0,0
CAU-667,seadragon,penguin,0,0
CAU-667,penguin,polar,0.4998827100630846,0.5678815124945602
CAU-667,polar,dolphin,0.300271726851348,0.5715236693926679
CAU-667,dolphin,sealion,0,0
CAU-667,sealion,seal,0,0
CAU-667,seal,tiger,0.3935848547854148,0.39632018213660797
CAU-667,tiger,panda,0,0
CAU-667,panda,mule,0,0
CAU-667,mule,deer,0.6184299079694379,0.5268219679745232
CAU-667,deer,bat,0.5570043443690704,0.4031858795975454
CAU-667,bat,koala,0,0
CAU-667,koala,bear,0,0
CAU-667,bear,bear,1.0000000000000002,1.0
CAU-667,bear,lemur,0,0
CAU-667,lemur,ring_tailed,0,0
CAU-667,ring_tailed,lemur,0,0
CAU-667,lemur,lion,0,0
CAU-667,lion,elephant,0.7334882084465411,0.7044682582263694
CAU-667,elephant,kangaroo,0.546235350099902,0.46125498633802225
CAU-667,kangaroo,wallaby,0,0
CAU-667,wallaby,emu,0,0
CAU-667,emu,ostrich,0,0
CAU-667,ostrich,rhino,0,0
CAU-667,rhino,hippo,0,0
CAU-667,hippo,stork,0,0
CAU-667,stork,guinea,0.5701722100816438,0.5005677343406025
CAU-667,guinea,fowl,0.7190114025783182,0.6403085216700128
CAU-667,fowl,zebra,0,0.5346275864257454
CAU-667,zebra,kudu,0,0
CAU-667,kudu,cow,0,0
CAU-667,cow,horse,0.7227680387508737,0.7144051594165327
CAU-667,horse,pig,0.5860321973914239,0.5737210558748866
CAU-667,pig,sheep,0.6792485709942788,0.683784327768505
CAU-667,sheep,donkey,0.6287027046801817,0.5024871979103146
CAU-667,donkey,ox,0.7170601179541426,0.6955588049291286
CAV-678,dog,cat,2,2
CAV-678,cat,bird,0.7113119291740693,0.675170086489144
CAV-678,bird,elephant,0.6841970599865758,0.548474609436829
CAV-678,elephant,kangaroo,0.546235350099902,0.46125498633802225
CAV-678,kangaroo,cheetah,0,0
CAV-678,cheetah,lion,0,0
CAV-678,lion,tiger,0.8378177294278359,0.7681389064993795
CAV-678,tiger,bear,0.41216494102879014,0.3098987969102535
CAV-678,bear,iguana,0,0
CAV-678,iguana,kangaroo,0,0
CAV-678,kangaroo,pelican,0,0.5010219268487949
CAV-678,pelican,penguin,0,0.5695448856770815
CAV-678,penguin,polar,0.4998827100630846,0.5678815124945602
CAV-678,polar,grizzly,0.3241151310566368,0.44161393834564194
CAV-678,grizzly,moose,0.702920170799248,0.6487208618979906
CAV-678,moose,turtle,0.635502469246306,0.5279839090666951
CAV-678,turtle,flamingo,0,0
CAV-678,flamingo,rhino,0,0
CAV-678,rhino,toucan,0,0
CAV-678,toucan,parakeet,0,0
CAV-678,parakeet,alligator,0.6356534508567281,0.6015084116028133
CAV-678,alligator,crocodile,0.688534112920867,0.7408621547818116
CAV-678,crocodile,zebra,0,0.5903464991128957
CAV-678,zebra,horse,0,0.537519691400082
CAV-678,horse,rooster,0.46999164100257157,0.4769103657155558
CAV-678,rooster,chicken,0.5641084534286992,0.5722194589526469
CAV-678,chicken,pony,0.32251628890857575,0.304816490463938
CAY-681,penguin,snake,2,2
CAY-681,snake,elephant,0.6691336028976156,0.6301417547393656
CAY-681,elephant,giraffe,0,0
CAY-681,giraffe,dog,0,0
CAY-681,dog,cat,0.8745785976068601,0.8628857048123819
CAY-681,cat,gorilla,0.49931222870397834,0.5735850694637543
CAY-681,gorilla,chimp,0,0
CAY-681,chimp,ape,0,0
CAY-681,ape,insect,0.4639117094582032,0.5580438536318
CAY-681,insect,butterfly,0.5615997771063229,0.5359067864120637
CAY-681,butterfly,ladybug,0.5832538620464783,0.5752472392403888
CAY-681,ladybug,beetle,0.6106576802177032,0.652047750143796
CAY-681,beetle,beetle,1.0,1.0
CAY-681,beetle,worm,0.6928588633094876,0.5777680013292863
CAY-681,worm,ant,0.6659030571317933,0.5652194146499413
CAY-681,ant,ant,1.0000000000000002,1.0000000000000002
CAY-681,ant,lizard,0.585177345473308,0.5210273924610193
CAY-681,lizard,anteater,0,0
CAY-681,anteater,human,0,0
CAY-681,human,robin,0.14006405190465276,0.06529746074416039
CAY-681,robin,cardinal,0.38347033324038327,0.43469386021869
CAY-681,cardinal,bluejay,0,0
CBD-686,lion,UNKNOWN,2,2
CBD-686,UNKNOWN,tiger,0,0
CBD-686,tiger,monkey,0.7235815449499674,0.7005668500595651
CBD-686,monkey,baboon,0,0.5742867500191365
CBD-686,baboon,giraffe,0,0
CBD-686,giraffe,elephant,0,0
CBD-686,elephant,buffalo,0.6166469810256057,0.5084019850168776
CBD-686,buffalo,polar,0.3803838396806425,0.46317621926490904
CBD-686,polar,bear,0.17741993795591957,0.30594708780634994
CBD-686,bear,grizzly,0.48724259847293905,0.5358134808781309
CBD-686,grizzly,duck,0.5550634346965172,0.528289235369817
CBD-686,duck,crocodile,0.7091533035480978,0.6942920222554343
CBD-686,crocodile,alligator,0.688534112920867,0.7408621547818116
CBD-686,alligator,crocodile,0.688534112920867,0.7408621547818116
CBD-686,crocodile,girdle,0.2697328300742415,0.2508230592037432
CBD-686,girdle,panda,0,0
CBD-686,panda,sheep,0,0
CBD-686,sheep,goat,0.7433118891653093,0.6439075247344901
CBD-686,goat,cow,0.773668018005576,0.7265640563586404
CBD-686,cow,pony,0.5411457679800212,0.5828772091711842
CBD-686,pony,horse,0.7991314288295074,0.7811424229383546
CBF-691,dog,cat,2,2
CBF-691,cat,fish,0.5811393626954854,0.6330656576107478
CBF-691,fish,elephant,0.5002570963765797,0.43812555716050205
CBF-691,elephant,cheetah,0,0
CBF-691,cheetah,tiger,0,0
CBF-691,tiger,lion,0.8378177294278359,0.7681389064993795
CBF-691,lion,polar,0.25321088189149266,0.27993741349212015
CBF-691,polar,turtle,0.30659688890707704,0.31744206292017974
CBF-691,turtle,penguin,0.3566098097514717,0.3869972372028562
CBF-691,penguin,giraffe,0,0
CBF-691,giraffe,hamster,0,0
CBF-691,hamster,gerbil,0,0
CBF-691,gerbil,squirrel,0,0
CBF-691,squirrel,rabbit,0.803002946563213,0.7089916217190787
CBF-691,rabbit,coyote,0.6601180266653127,0.6471580668109819
CBF-691,coyote,deer,0.7489105643269142,0.586309033895608
CBF-691,deer,walrus,0.6249386700198256,0.6177898909447962
CBF-691,walrus,eel,0.460364108583747,0.5766423910779581
CBH-693,dog,cat,2,2
CBH-693,cat,fish,0.5811393626954854,0.6330656576107478
CBH-693,fish,jellyfish,0.8457700314341968,0.6053824827930463
CBH-693,jellyfish,shark,0.6920276442990134,0.5909479070188611
CBH-693,shark,kangaroo,0.5321625279269786,0.6446731210662036
CBH-693,kangaroo,camel,0.5188062721446711,0.5540426115602499
CBH-693,camel,alligator,0.5050713847992001,0.4594666323322247
CBH-693,alligator,leopard,0.6682775356790593,0.5968888112033293
CBH-693,leopard,penguin,0.5380441078120208,0.468271392463275
CBH-693,penguin,polar,0.4998827100630846,0.5678815124945602
CBH-693,polar,bear,0.17741993795591957,0.30594708780634994
CBH-693,bear,bear,1.0000000000000002,1.0
CBH-693,bear,antelope,0.377094020756031,0.35872342877368857
CBH-693,antelope,anteater,0,0
CBH-693,anteater,lizard,0,0
CBH-693,lizard,flamingo,0,0
CBH-693,flamingo,bird,0,0
CBH-693,bird,peacock,0.6947537403681799,0.54713027030339
CBH-693,peacock,monkey,0.5308081345067499,0.4292690781973466
CBH-693,monkey,chimp,0,0
CBH-693,chimp,lion,0,0
CBH-693,lion,tiger,0.8378177294278359,0.7681389064993795
CBH-693,tiger,crocodile,0.7455236194255916,0.6448950117996424
CBJ-697,lion,tiger,2,2
CBJ-697,tiger,flamingo,0,0
CBJ-697,flamingo,monkey,0,0
CBJ-697,monkey,parrot,0.7333106287217793,0.7102100083889007
CBJ-697,parrot,ferret,0.5209356155827137,0.5157355184864549
CBJ-697,ferret,cat,0.5258985334381974,0.5438455221695369
CBJ-697,cat,dog,0.8745785976068601,0.8628857048123819
CBJ-697,dog,fish,0.554071626308839,0.5216253513515097
CBJ-697,fish,chimp,0,0
CBJ-697,chimp,squirrel,0,0
CBJ-697,squirrel,zebra,0,0.6578487273894739
CBJ-697,zebra,elephant,0,0.6806873209704929
CBJ-697,elephant,jaguar,0,0.652848453813444
CBJ-697,jaguar,cheetah,0,0
CBJ-697,cheetah,rhino,0,0
CBJ-697,rhino,panda,0,0
CBJ-697,panda,koala,0,0
CBJ-697,koala,anteater,0,0
CBJ-697,anteater,beaver,0,0
CBJ-697,beaver,porcupine,0.5180776788303018,0.5507200290378927
CBJ-697,porcupine,armadillo,0,0
CBJ-697,armadillo,zebra,0,0
CBL-698,chihuahua,terrier,2,2
CBL-698,terrier,cat,0.6380615787479755,0.6683313115407467
CBL-698,cat,dog,0.8745785976068601,0.8628857048123819
CBL-698,dog,bird,0.6776698033882239,0.565315271370276
CBL-698,bird,parakeet,0.4405408426860883,0.5516746973908689
CBL-698,parakeet,pelican,0,0.6390899479414834
CBL-698,pelican,parrot,0,0.6305228294140736
CBL-698,parrot,pelican,0,0.6305228294140736
CBL-698,pelican,t_rex,0,0
CBL-698,t_rex,koala,0,0
CBL-698,koala,kangaroo,0,0
CBL-698,kangaroo,giraffe,0,0
CBL-698,giraffe,elephant,0,0
CBL-698,elephant,tiger,0.6005211133387935,0.5510461635914914
CBL-698,tiger,zebra,0,0.645108357391031
CBL-698,zebra,lice,0,0.7780705821337534
CBL-698,lice,stickforn,0,0
CBL-698,stickforn,stickbug,0,0
CBL-698,stickbug,stinkbug,0,0
CBL-698,stinkbug,beetle,0,0
CBM-702,tiger,dolphin,2,2
CBM-702,dolphin,lion,0.6260352174281147,0.5888290923979773
CBM-702,lion,penguin,0.42321888049602824,0.3327959547955801
CBM-702,penguin,flamingo,0,0
CBM-702,flamingo,seagull,0,0
CBM-702,seagull,pigeon,0,0
CBM-702,pigeon,woodpecker,0.7710630018059943,0.6898103734067805
CBM-702,woodpecker,iguana,0,0
CBM-702,iguana,snake,0,0
CBM-702,snake,snail,0.6905141210296876,0.6784833568695109
CBM-702,snail,not_snails,0,0
CBM-702,not_snails,goldfish,0,0
CBM-702,goldfish,clownfish,0,0
CBM-702,clownfish,dog,0,0
CBM-702,dog,cat,0.8745785976068601,0.8628857048123819
CBM-702,cat,gerbil,0,0
CBM-702,gerbil,snake,0,0
CBM-702,snake,hamster,0,0
CBM-702,hamster,rabbit,0,0
CBM-702,rabbit,reptile,0.5469820753415339,0.47901042405906263
CBM-702,reptile,polar,0.3841956603120492,0.3370644637454034
CBM-702,polar,grizzly,0.3241151310566368,0.44161393834564194
CBM-702,grizzly,bear,0.48724259847293905,0.5358134808781309
CBM-702,bear,hedgehog,0.5247726410950273,0.4934016962502328
CBM-702,hedgehog,porcupine,0.5470265520745433,0.5811199259551898
CBM-702,porcupine,dinosaur,0,0
CBP-707,cow,pig,2,2
CBP-707,pig,dog,0.7101723921527487,0.7181036874972738
CBP-707,dog,cat,0.8745785976068601,0.8628857048123819
CBP-707,cat,fish,0.5811393626954854,0.6330656576107478
CBP-707,fish,bird,0.5424227449726353,0.6139757100054463
CBP-707,bird,horse,0.43533067739150105,0.2705517324055837
CBP-707,horse,elephant,0.6779566278531607,0.6401816720798693
CBP-707,elephant,tiger,0.6005211133387935,0.5510461635914914
CBP-707,tiger,cheetah,0,0
CBP-707,cheetah,penguin,0,0
CBP-707,penguin,fish,0.4852866999674211,0.4717476838663452
CBP-707,fish,shark,0.7093772702257071,0.7789630041906285
CBP-707,shark,dolphin,0.531017010293181,0.6869940691724519
CBP-707,dolphin,whale,0.5913816539767758,0.5859027707692489
CBP-707,whale,ant,0.5492783494468821,0.5136746691832371
CBP-707,ant,centipede,0,0.5530781230474519
CBP-707,centipede,millipede,0,0
CBP-707,millipede,lizard,0,0
CBP-707,lizard,iguana,0,0
CBP-707,iguana,snake,0,0
CBP-707,snake,mouse,0.7554962543955506,0.7080832031197661
CBP-707,mouse,rat,0.768353054741348,0.6719005679353358
CBP-707,rat,parrot,0.7181247771918229,0.631375244937005
CBP-707,parrot,worm,0.5413349699765222,0.47120449691807803
CBP-707,worm,elephant,0.556489962481508,0.3405047923248654
CBP-707,elephant,monkey,0.6194652657586913,0.5927320795329062
CBP-707,monkey,gorilla,0.4747476233927709,0.575975015896018
CBS-711,bear,tiger,2,2
CBS-711,tiger,rabbit,0.6971485275693751,0.6264945944989359
CBS-711,rabbit,hamster,0,0
CBS-711,hamster,gerbil,0,0
CBS-711,gerbil,bird,0,0
CBS-711,bird,tiger,0.6617692801171631,0.6341793753700681
CBS-711,tiger,dolphin,0.47563015287157984,0.4709438318418924
CBS-711,dolphin,seal,0.5106473386485636,0.36422653074621775
CBS-711,seal,horse,0.28715466046092464,0.33337317355433127
CBS-711,horse,kangaroo,0.3893451067890806,0.40659307560218466
CBS-711,kangaroo,cheetah,0,0
CBS-711,cheetah,zebra,0,0
CBS-711,zebra,ostrich,0,0.6412637787469372
CBS-711,ostrich,rhino,0,0
CBS-711,rhino,hippo,0,0
CBS-711,hippo,whale,0,0
CBS-711,whale,jaguar,0,0.559334173644888
CBS-711,jaguar,dog,0,0.6422213177797584
CBS-711,dog,cat,0.8745785976068601,0.8628857048123819
CBS-711,cat,monkey,0.6905588773949023,0.720120331835892
CBS-711,monkey,alligator,0.5697343269822039,0.6933156817395748
CBS-711,alligator,crocodile,0.688534112920867,0.7408621547818116
CBS-711,crocodile,toucan,0,0
CBW-715,horse,puppy,2,2
CBW-715,puppy,dog,0.7604255864892119,0.7884685540347294
CBW-715,dog,pig,0.7101723921527487,0.7181036874972738
CBW-715,pig,donkey,0.7284094191803802,0.6431855100545264
CBW-715,donkey,mule,0.7068514058218516,0.6260142052301867
CBW-715,mule,goose,0.4510248896744601,0.43463415268489586
CBW-715,goose,duck,0.7547038907915292,0.7076147205496787
CBW-715,duck,fish,0.7076126262904682,0.6846808252476304
CBW-715,fish,cheetah,0,0
CBW-715,cheetah,lion,0,0
CBW-715,lion,leopard,0.7104222666293618,0.6790797775441532
CBW-715,leopard,jaguar,0,0.7064506661409862
CBW-715,jaguar,monkey,0,0.5731377718381163
CBW-715,monkey,gorilla,0.4747476233927709,0.575975015896018
CBW-715,gorilla,ape,0.3468377596228109,0.5548602933962089
CBW-715,ape,snake,0.6042981959830579,0.6304285677369253
CBW-715,snake,bee,0.6333917108190157,0.6066965734895259
CCB-720,zebra,tiger,2,2
CCB-720,tiger,lizard,0.7709793057872115,0.5189748233865734
CCB-720,lizard,snake,0.8069865631440539,0.6989081019589145
CCB-720,snake,koala,0,0
CCB-720,koala,shark,0,0
CCB-720,shark,fish,0.7093772702257071,0.7789630041906285
CCB-720,fish,rainbow,0.3653424550080897,0.47728041503313584
CCB-720,rainbow,bunny,0.2946780698563267,0.3006066501263993
CCB-720,bunny,dog,0.4480584702292382,0.4122571401903595
CCB-720,dog,cat,0.8745785976068601,0.8628857048123819
CCB-720,cat,hamster,0,0
CCB-720,hamster,gopher,0,0
CCB-720,gopher,leopard,0.26421276997058846,0.23830486434866696
CCC-721,dog,cat,2,2
CCC-721,cat,lion,0.6809057161982097,0.6376705357921857
CCC-721,lion,tiger,0.8378177294278359,0.7681389064993795
CCC-721,tiger,zebra,0,0.645108357391031
CCC-721,zebra,chicken,0,0.5378969437357269
CCC-721,chicken,fish,0.6263688966416651,0.6269426237220942
CCC-721,fish,giraffe,0,0
CCC-721,giraffe,wolf,0,0
CCC-721,wolf,mouse,0.7760811156452417,0.6657613478657067
CCC-721,mouse,platypus,0,0
CCC-721,platypus,beaver,0,0
CCC-721,beaver,duck,0.6422178672902493,0.5303088030567206
CCC-721,duck,goose,0.7547038907915292,0.7076147205496787
CCC-721,goose,bird,0.7059849162692239,0.6404123091690285
CCD-722,dog,cat,2,2
CCD-722,cat,horse,0.47912871121387807,0.34363276115846836
CCD-722,horse,frog,0.4177721610787229,0.3462540087658025
CCD-722,frog,butterfly,0.5994569487017587,0.5286286245276802
CCD-722,butterfly,cricket,0.4436309486901974,0.35233125044062563
CCD-722,cricket,spider,0.4804935360537187,0.3602896585979613
CCD-722,spider,giraffe,0,0
CCD-722,giraffe,elephant,0,0
CCD-722,elephant,rhino,0,0
CCD-722,rhino,hippo,0,0
CCD-722,hippo,eagle,0,0
CCD-722,eagle,tiger,0.7028733196986345,0.5998169732396196
CCD-722,tiger,lion,0.8378177294278359,0.7681389064993795
CCD-722,lion,bear,0.4958711032494342,0.46965686552140634
CCD-722,bear,polar,0.17741993795591957,0.30594708780634994
CCD-722,polar,dolphin,0.300271726851348,0.5715236693926679
CCD-722,dolphin,penguin,0.5000639474678137,0.4732702795470824
CCD-722,penguin,lizard,0.39504891440766926,0.36163483985607986
CCD-722,lizard,snake,0.8069865631440539,0.6989081019589145
CCD-722,snake,tarantula,0,0
CCD-722,tarantula,shark,0,0
CCD-722,shark,lemur,0,0
CCD-722,lemur,sloth,0,0
CCD-722,sloth,zebra,0,0.4966049324746131
CCD-722,zebra,wildebeest,0,0
CCD-722,wildebeest,deer,0,0
CCD-722,deer,rabbit,0.6193484743693938,0.5106638939679677
CCD-722,rabbit,kangaroo,0.6207589488158841,0.7114370128911717
CCF-724,giraffe,elephant,2,2
CCF-724,elephant,monkey,0.6194652657586913,0.5927320795329062
CCF-724,monkey,oscar,0.15326363921471706,0.2109290096107024
CCF-724,oscar,ostrich,0.392852725837087,0.19134860810213744
CCF-724,ostrich,fish,0.5881286205299834,0.5822788335148773
CCF-724,fish,shark,0.7093772702257071,0.7789630041906285
CCF-724,shark,whale,0.7921043140363008,0.7643223081820134
CCF-724,whale,bird,0.5048159716820732,0.4534569784503354
CCF-724,bird,hamster,0,0
CCF-724,hamster,rat,0,0
CCF-724,rat,cat,0.7629483009836476,0.6558202980904814
CCF-724,cat,dog,0.8745785976068601,0.8628857048123819
CCF-724,dog,horse,0.677587577441281,0.6085885925335648
CCF-724,horse,pig,0.5860321973914239,0.5737210558748866
CCF-724,pig,cow,0.6984894678873145,0.7754488486757538
CCF-724,cow,chicken,0.6985950791001702,0.6174006090793362
CCF-724,chicken,seal,0.36954250771321934,0.375690855758033
CCH-726,giraffe,hippo,2,2
CCH-726,hippo,elephant,0,0
CCH-726,elephant,donkey,0.6551354217931413,0.5712407956398954
CCH-726,donkey,horse,0.715330957427472,0.6391597414384069
CCH-726,horse,dog,0.677587577441281,0.6085885925335648
CCH-726,dog,cat,0.8745785976068601,0.8628857048123819
CCH-726,cat,tarantula,0,0
CCH-726,tarantula,fish,0,0
CCH-726,fish,raccoon,0,0
CCH-726,raccoon,deer,0,0
CCH-726,deer,frog,0.5435571202500853,0.44982705647696114
CCH-726,frog,snake,0.7356774886649605,0.6452327938295612
CCH-726,snake,parrot,0.622401607783055,0.6040432487297074
CCH-726,parrot,macaw,0,0
CCH-726,macaw,zebra,0,0
CCH-726,zebra,flamingo,0,0
CCH-726,flamingo,duck,0,0
CCH-726,duck,turtle,0.8128753288695144,0.7540656553303107
CCH-726,turtle,cheetah,0,0
CCH-726,cheetah,jaguar,0,0
CCH-726,jaguar,panther,0,0.7173142416296475
CCH-726,panther,lion,0.8013127623620887,0.7785858498902173
CCL-730,cat,dog,2,2
CCL-730,dog,butterfly,0.43312208803895497,0.3795997927717795
CCL-730,butterfly,bee,0.6015543011344899,0.4906760268564818
CCL-730,bee,bee,1.0000000000000002,1.0000000000000002
CCL-730,bee,lion,0.49502284960466725,0.5060378814191703
CCL-730,lion,zebra,0,0.6404175438143798
CCL-730,zebra,tiger,0,0.645108357391031
CCL-730,tiger,elephant,0.6005211133387935,0.5510461635914914
CCL-730,elephant,bear,0.4881021958404901,0.38515827645403006
CCL-730,bear,kangaroo,0.4206733771803848,0.5059716985480744
CCL-730,kangaroo,dolphin,0.3505522731224737,0.6042164199940416
CCL-730,dolphin,fish,0.4601379096348509,0.5621760617893716
CCL-730,fish,zebra,0,0.5953484657734173
CCL-730,zebra,fly,0,0.5238425939844857
CCL-730,fly,flea,0.6505040561824501,0.5845504260422878
CCL-730,flea,tiger,0.5913017837428663,0.5405782101204619
CCL-730,tiger,squirrel,0.753087547906665,0.6026056312242881
CCL-730,squirrel,raccoon,0,0
CCL-730,raccoon,possum,0,0
CCL-730,possum,rat,0.7177050556096912,0.6511686523755221
CCL-730,rat,mouse,0.768353054741348,0.6719005679353358
CCL-730,mouse,snake,0.7554962543955506,0.7080832031197661
CCL-730,snake,bird,0.6225942904706013,0.6537319350076601
CCX-744,lion,tiger,2,2
CCX-744,tiger,bear,0.41216494102879014,0.3098987969102535
CCX-744,bear,giraffe,0,0
CCX-744,giraffe,elephant,0,0
CCX-744,elephant,dolphin,0.6551052162793692,0.6601686677990546
CCX-744,dolphin,whale,0.5913816539767758,0.5859027707692489
CCX-744,whale,snake,0.5984475024991837,0.6266148958728786
CCX-744,snake,rabbit,0.6878644348324914,0.7156565908514334
CCX-744,rabbit,lizard,0.7617426670910289,0.6500829815904396
CCX-744,lizard,spider,0.7156578355805655,0.7190880298148953
CCX-744,spider,bat,0.5304493145007897,0.37415499306895705
CCX-744,bat,raccoon,0,0
CCX-744,raccoon,fox,0,0
CCX-744,fox,wolf,0.786435452869715,0.711026502277847
CCX-744,wolf,meerkat,0,0
CCX-744,meerkat,deer,0,0
CCX-744,deer,fish,0.6494603485439835,0.583056443442066
CDG-753,tiger,lion,2,2
CDG-753,lion,zebra,0,0.6404175438143798
CDG-753,zebra,mammoth,0,0.6576050304437701
CDG-753,mammoth,elephant,0.5595724924177176,0.5141737188301685
CDG-753,elephant,manatee,0,0
CDG-753,manatee,hippo,0,0
CDG-753,hippo,giraffe,0,0
CDG-753,giraffe,panda,0,0
CDG-753,panda,lemur,0,0
CDG-753,lemur,sloth,0,0
CDG-753,sloth,fish,0.22441520359548486,0.32456705406489006
CDG-753,fish,eel,0.658072781194138,0.6485376591204371
CDG-753,eel,barracuda,0,0
CDG-753,barracuda,shark,0,0
CDG-753,shark,dolphin,0.531017010293181,0.6869940691724519
CDG-753,dolphin,whale,0.5913816539767758,0.5859027707692489
CDG-753,whale,monkey,0.4140184102544303,0.4687369654350793
CDG-753,monkey,ape,0.6283090675167448,0.5393918124454604
CDG-753,ape,gorilla,0.3468377596228109,0.5548602933962089
CDG-753,gorilla,chimp,0,0
CDG-753,chimp,eagle,0,0
CDG-753,eagle,eagle,1.0,1.0
CDG-753,eagle,hawk,0.8018918978735675,0.8004385412554964
CDH-754,wolf,bear,2,2
CDH-754,bear,t_rex,0,0
CDH-754,t_rex,dragon,0,0
CDH-754,dragon,pegasus,0.5821384700573143,0.5854283946337135
CDH-754,pegasus,stegosaurus,0,0
CDH-754,stegosaurus,triceratops,0,0
CDH-754,triceratops,monster,0,0
CDH-754,monster,turtle,0.41000264431201316,0.43504914598978056
CDH-754,turtle,piranha,0,0
CDH-754,piranha,frog,0,0
CDH-754,frog,turtle,0.7892054450438144,0.7285392773758415
CDH-754,turtle,tortoise,0.5733858839708699,0.5394595128274601
CDH-754,tortoise,meerkat,0,0
CDM-759,dog,cat,2,2
CDM-759,cat,elephant,0.6272105948783059,0.5152779568134549
CDM-759,elephant,squirrel,0.6348321642010039,0.6327909507094182
CDM-759,squirrel,lion,0.6573034956067993,0.5528900764188035
CDM-759,lion,lioness,0.6322534542201863,0.605759573893262
CDM-759,lioness,fish,0.2546725920258381,0.3533485718505746
CDM-759,fish,deer,0.6494603485439835,0.583056443442066
CDM-759,deer,rabbit,0.6193484743693938,0.5106638939679677
CDM-759,rabbit,squirrel,0.803002946563213,0.7089916217190787
CDM-759,squirrel,hamster,0,0
CDM-759,hamster,bird,0,0
CDM-759,bird,cow,0.5728739219113177,0.4652113207682023
CDM-759,cow,lizard,0.50231601413742,0.42633099508038413
CDM-759,lizard,porcupine,0.519073087039786,0.47828651540320327
CDM-759,porcupine,koala,0,0
CDM-759,koala,bluejay,0,0
CDM-759,bluejay,hippo,0,0
CDM-759,hippo,giraffe,0,0
CDR-764,giraffe,orangutan,2,2
CDR-764,orangutan,monkey,0,0
CDR-764,monkey,elephant,0.6194652657586913,0.5927320795329062
CDR-764,elephant,bird,0.6841970599865758,0.548474609436829
CDR-764,bird,eagle,0.7894407873342654,0.7641377187098998
CDR-764,eagle,jaguar,0,0.640523279020581
CDR-764,jaguar,cheetah,0,0
CDR-764,cheetah,frog,0,0
CDR-764,frog,toad,0.7857267513244905,0.7259410895064535
CDR-764,toad,flamingo,0,0
CDR-764,flamingo,lion,0,0
CDR-764,lion,mouse,0.6648827410413357,0.629292998523246
CDR-764,mouse,bat,0.6477688673948793,0.4882862213191033
CDR-764,bat,fish,0.37211662809380214,0.3224034396108731
CDR-764,fish,ape,0.4820762783657614,0.5044158503336456
CDR-764,ape,chimp,0,0
CDR-764,chimp,rhino,0,0
CDU-767,cat,dog,2,2
CDU-767,dog,fish,0.554071626308839,0.5216253513515097
CDU-767,fish,tiger,0.6053475538172952,0.6343326028191837
CDU-767,tiger,lion,0.8378177294278359,0.7681389064993795
CDU-767,lion,rabbit,0.5311654882313194,0.5045806970249341
CDU-767,rabbit,raccoon,0,0
CDU-767,raccoon,deer,0,0
CDU-767,deer,mammoth,0.5764856823120514,0.5959697465778369
CDU-767,mammoth,whale,0.51226347254114,0.5504251202232017
CDU-767,whale,shark,0.7921043140363008,0.7643223081820134
CDU-767,shark,bird,0.44268047971288743,0.5521272622531295
CDU-767,bird,penguin,0.31170396129191114,0.3112289266624533
CDU-767,penguin,wolf,0.28753201965295233,0.23464326250105996
CDU-767,wolf,badger,0.6262356736295608,0.5194353193900215
CDU-767,badger,fish,0.4511592928517012,0.4472485258445149
CDU-767,fish,baboon,0,0.41298948354039466
CDU-767,baboon,gorilla,0,0.8027531521938218
CDU-767,gorilla,ape,0.3468377596228109,0.5548602933962089
SFZ-149,monkey,elephant,2,2
SFZ-149,elephant,giraffe,0,0
SFZ-149,giraffe,bird,0,0
SFZ-149,bird,parrot,0.6367920664832305,0.6977802673028314
SFZ-149,parrot,pilgrim,0.19024596473004626,0.27737383918378933
SFZ-149,pilgrim,hippo,0,0
SFZ-149,hippo,eagle,0,0
SFZ-149,eagle,turtle,0.47875502835637657,0.40767538191710073
SFZ-149,turtle,tiger,0.5078957855439837,0.47797248784443025
SFZ-149,tiger,lion,0.8378177294278359,0.7681389064993795
SFZ-149,lion,cheetah,0,0
SFZ-149,cheetah,donkey,0,0
SFZ-149,donkey,horse,0.715330957427472,0.6391597414384069
SFZ-149,horse,fish,0.2477778357435262,0.27089388894248256
SFZ-149,fish,cow,0.47192356189879064,0.44530657483707003
SFZ-149,cow,gorilla,0.3026689971525811,0.39182523323202095
SFZ-149,gorilla,snake,0.47418090531714197,0.5631493314966279
SFZ-149,snake,spider,0.7367251350156103,0.6377204663938916
SFZ-149,spider,alligator,0.6082856765853832,0.6441282969283133
SGO-159,dog,cat,2,2
SGO-159,cat,ferret,0.5258985334381974,0.5438455221695369
SGO-159,ferret,hamster,0,0
SGO-159,hamster,mouse,0,0
SGO-159,mouse,bird,0.7196424740670707,0.7615815702793896
SGO-159,bird,parrot,0.6367920664832305,0.6977802673028314
SGO-159,parrot,elephant,0.5454617304728827,0.4916793952446589
SGO-159,elephant,giraffe,0,0
SGO-159,giraffe,rhino,0,0
SGO-159,rhino,snake,0,0
SGO-159,snake,gorilla,0.47418090531714197,0.5631493314966279
SGO-159,gorilla,ape,0.3468377596228109,0.5548602933962089
SGO-159,ape,monkey,0.6283090675167448,0.5393918124454604
SGO-159,monkey,squirrel,0.7548413451292044,0.7037926874131198
SGO-159,squirrel,groundhog,0,0
SGO-159,groundhog,raccoon,0,0
SGO-159,raccoon,possum,0,0
SGO-159,possum,deer,0.5846794653500532,0.5155563950038551
SGO-159,deer,turkey,0.398691450803782,0.21490942650415307
SGO-159,turkey,coyote,0.46401205455991146,0.30168516380130583
SGO-159,coyote,moose,0.6610760111935341,0.5345275310876956
SGO-159,moose,bug,0.5915704201388786,0.6324028067622411
SGO-159,bug,leopard,0.4479019314356823,0.5685938070485561
SGO-159,leopard,lion,0.7104222666293618,0.6790797775441532
SGO-159,lion,leopard,0.7104222666293618,0.6790797775441532
SGO-159,leopard,cow,0.4580543566850057,0.5110159596988464
SGO-159,cow,horse,0.7227680387508737,0.7144051594165327
SGO-159,horse,pig,0.5860321973914239,0.5737210558748866
SGO-159,pig,hog,0.7052732313673655,0.6854725231827825
SGO-159,hog,turkey,0.5941897086986763,0.4150882252448793
SGO-159,turkey,rooster,0.5741013175616968,0.6208740442329789
SGO-159,rooster,chicken,0.5641084534286992,0.5722194589526469
SGO-159,chicken,turtle,0.5804536100580437,0.529893800100613
SGO-159,turtle,fish,0.6209298707629096,0.6506691533173528
SGO-159,fish,scorpion,0.5346838354169309,0.49643537735792487
SIU-211,frog,lizard,2,2
SIU-211,lizard,snake,0.8069865631440539,0.6989081019589145
SIU-211,snake,lion,0.7187798973849114,0.7056069477871592
SIU-211,lion,tiger,0.8378177294278359,0.7681389064993795
SIU-211,tiger,monkey,0.7235815449499674,0.7005668500595651
SIU-211,monkey,bird,0.6469832735526759,0.6425335909074518
SIU-211,bird,lizard,0.6966627736513161,0.5150362504160365
SIU-211,lizard,lizard,1.0,0.9999999999999998
SIU-211,lizard,deer,0.6747043726447318,0.49016262103367436
SIU-211,deer,bear,0.46600302122502246,0.3529707135435563
SIU-211,bear,squirrel,0.5206578854392113,0.425530922025404
SIU-211,squirrel,chipmunk,0.8581110888831713,0.7828666784187036
SIU-211,chipmunk,skunk,0.7730798666701991,0.7492864749802052
SIU-211,skunk,fish,0.4398365879953378,0.4498334663303933
SIU-211,fish,dog,0.554071626308839,0.5216253513515097
SIU-211,dog,waterbug,0,0
SIU-211,waterbug,spider,0,0
SIU-211,spider,fly,0.5838886938193597,0.42662155637608057
SIU-211,fly,ant,0.4537381822321555,0.44529208100003637
SIU-211,ant,giraffe,0,0
SIU-211,giraffe,elephant,0,0
SIU-211,elephant,penguin,0.4617205997715693,0.45920588464455375
SIU-211,penguin,hippo,0,0
SIZ-390,cat,dog,2,2
SIZ-390,dog,moose,0.6798916772706574,0.6506390986817484
SIZ-390,moose,cow,0.6080758840403627,0.5627445344213553
SIZ-390,cow,kangaroo,0.48810290706239085,0.5538478528349019
SIZ-390,kangaroo,tiger,0.804666180505832,0.7131893071677619
SIZ-390,tiger,lion,0.8378177294278359,0.7681389064993795
SIZ-390,lion,tiger,0.8378177294278359,0.7681389064993795
SIZ-390,tiger,elephant,0.6005211133387935,0.5510461635914914
SIZ-390,elephant,hippo,0,0
SIZ-390,hippo,rhino,0,0
SIZ-390,rhino,manatee,0,0
SIZ-390,manatee,giraffe,0,0
SIZ-390,giraffe,UNKNOWN,0,0
SIZ-390,UNKNOWN,whale,0,0
SIZ-390,whale,bird,0.5048159716820732,0.4534569784503354
SIZ-390,bird,chimp,0,0
SIZ-390,chimp,monkey,0,0
SKE-234,lion,cheetah,2,2
SKE-234,cheetah,rhino,0,0
SKE-234,rhino,zebra,0,0
SKE-234,zebra,giraffe,0,0
SKE-234,giraffe,gorilla,0,0
SKE-234,gorilla,monkey,0.4747476233927709,0.575975015896018
SKE-234,monkey,penguin,0.2340081352153258,0.33299419958534787
SKE-234,penguin,polar,0.4998827100630846,0.5678815124945602
SKE-234,polar,seal,0.28984735872212103,0.35284795531554997
SKE-234,seal,killer,0.31171923284385444,0.5074423617949375
SKE-234,killer,dolphin,0.623420550391799,0.6202208637814879
SKE-234,dolphin,shark,0.531017010293181,0.6869940691724519
SKE-234,shark,wolf,0.5769980921643166,0.49524966448782165
SKE-234,wolf,coyote,0.787320469006545,0.6822708632783165
SKE-234,coyote,squirrel,0.7487449379417428,0.5992474930318766
SKE-234,squirrel,chipmunk,0.8581110888831713,0.7828666784187036
SKE-234,chipmunk,owl,0.5526269901492397,0.5577521792646974
SKE-234,owl,eagle,0.6561670730667024,0.6573719540990679
SKE-234,eagle,dog,0.7072902645342379,0.5750295452677352
SKE-234,dog,cat,0.8745785976068601,0.8628857048123819
SKE-234,cat,pig,0.728942522630007,0.6833907215446245
SKE-234,pig,horse,0.5860321973914239,0.5737210558748866
SKE-234,horse,cow,0.7227680387508737,0.7144051594165327
SKE-234,cow,chicken,0.6985950791001702,0.6174006090793362
SKE-234,chicken,rooster,0.5641084534286992,0.5722194589526469
SKE-234,rooster,duck,0.7685242654904513,0.7134504137137361
SKE-234,duck,sheep,0.6668957256320585,0.5628869584290618
SMK-401,dog,cat,2,2
SMK-401,cat,giraffe,0,0
SMK-401,giraffe,monkey,0,0
SMK-401,monkey,dolphin,0.3245312955844734,0.513181142303975
SMK-401,dolphin,fish,0.4601379096348509,0.5621760617893716
SMK-401,fish,goldfish,0.7695593013208482,0.7049731268537882
SMK-401,goldfish,shark,0.622582525611953,0.6531250994888781
SMK-401,shark,deer,0.6481893296378758,0.576924527834616
SMK-401,deer,buck,0.4548139016687977,0.43100153465876945
SMK-401,buck,squirrel,0.5666466109792846,0.48452532101817625
SMK-401,squirrel,raccoon,0,0
SMK-401,raccoon,beaver,0,0
SMK-401,beaver,bird,0.5157038276961321,0.539291262989329
SMK-401,bird,eagle,0.7894407873342654,0.7641377187098998
SMK-401,eagle,tiger,0.7028733196986345,0.5998169732396196
SMK-401,tiger,cheetah,0,0
SMK-401,cheetah,lion,0,0
SMK-401,lion,elephant,0.7334882084465411,0.7044682582263694
SMK-401,elephant,skunk,0.4973636176088394,0.5536741617586777
SMK-401,skunk,moose,0.7700362582296562,0.7925182799560726
SMK-401,moose,goose,0.6727713214062596,0.5091174652411037
SMK-401,goose,goose,0.9999999999999999,1.0
SMK-401,goose,turkey,0.6089293468421717,0.559647064345644
SNI-300,dolphin,killer,2,2
SNI-300,killer,whale,0.6573931607919041,0.6856627581835968
SNI-300,whale,shark,0.7921043140363008,0.7643223081820134
SNI-300,shark,seahorse,0,0
SNI-300,seahorse,penguin,0,0
SNI-300,penguin,giraffe,0,0
SNI-300,giraffe,elephant,0,0
SNI-300,elephant,alligator,0.5647789186488339,0.583117562826548
SNI-300,alligator,lizard,0.7154937116055712,0.7268456623288724
SNI-300,lizard,bobcat,0,0
SNI-300,bobcat,tiger,0,0
SNI-300,tiger,leopard,0.6617437919804386,0.6295601271632969
SNI-300,leopard,jaguar,0,0.7064506661409862
SNI-300,jaguar,dog,0,0.6422213177797584
SNI-300,dog,cat,0.8745785976068601,0.8628857048123819
SNI-300,cat,parrot,0.6999886036400987,0.6631563533332046
SNI-300,parrot,horse,0.4139299250465526,0.3054306233646614
SNR-308,panther,tiger,2,2
SNR-308,tiger,bobcat,0,0
SNR-308,bobcat,dog,0,0
SNR-308,dog,shepherd,0.5933624648775448,0.5698588263653026
SNR-308,shepherd,pigeon,0.5870827064156439,0.5552854858899335
SNR-308,pigeon,falcon,0.7754371823126677,0.7503977763568868
SNR-308,falcon,eagle,0.6723626545093575,0.6544465470015608
SNR-308,eagle,fox,0.6606232802329245,0.6139131922080975
SNR-308,fox,wolf,0.786435452869715,0.711026502277847
SNR-308,wolf,bear,0.526206639728127,0.4816668494827304
SNR-308,bear,buffalo,0.36737349719350043,0.29378554291360687
SNR-308,buffalo,koala,0,0
SNR-308,koala,polar,0,0
SNR-308,polar,penguin,0.4998827100630846,0.5678815124945602
SNR-308,penguin,kitten,0.30985470654621045,0.2879157121070865
SNT-310,penguin,elephant,2,2
SNT-310,elephant,zebra,0,0.6806873209704929
SNT-310,zebra,flamingo,0,0
SNT-310,flamingo,frog,0,0
SNT-310,frog,dog,0.7042286453918051,0.5518258629496459
SNT-310,dog,cat,0.8745785976068601,0.8628857048123819
SNT-310,cat,bird,0.7113119291740693,0.675170086489144
SNT-310,bird,pigeon,0.7259693088449979,0.6785120622768551
SNT-310,pigeon,seagull,0,0
SNT-310,seagull,pig,0,0
SNT-310,pig,cow,0.6984894678873145,0.7754488486757538
SNT-310,cow,horse,0.7227680387508737,0.7144051594165327
SNT-310,horse,armadillo,0,0
SNT-310,armadillo,squirrel,0,0
SNT-310,squirrel,mouse,0.7630159056210073,0.6849012338404298
SNT-310,mouse,skunk,0.7294977902170622,0.677326606318443
SNT-310,skunk,raccoon,0,0
SNT-310,raccoon,fox,0,0
SNT-310,fox,bear,0.5316133876208634,0.43719687489939535
SNT-310,bear,lion,0.4958711032494342,0.46965686552140634
SNT-310,lion,tiger,0.8378177294278359,0.7681389064993795
SNT-310,tiger,panther,0.8253267571064894,0.72025888279098
SNT-310,panther,cougar,0.5167032581255799,0.5443177996470046
SNT-310,cougar,moose,0.47748636251026044,0.6878796164793215
SNT-310,moose,caribou,0,0.74689049001478
SNT-310,caribou,deer,0,0.7080052205278513
SNV-312,cat,dog,2,2
SNV-312,dog,fish,0.554071626308839,0.5216253513515097
SNV-312,fish,turtle,0.6209298707629096,0.6506691533173528
SNV-312,turtle,bird,0.5975955453165043,0.5970055742298973
SNV-312,bird,alligator,0.6324777554204875,0.7206462221263864
SNV-312,alligator,tiger,0.7461053728829109,0.665950853762572
SNV-312,tiger,lion,0.8378177294278359,0.7681389064993795
SNV-312,lion,monkey,0.5997269973039279,0.553775806254437
SNV-312,monkey,giraffe,0,0
SNV-312,giraffe,elephant,0,0
SNV-312,elephant,snake,0.6691336028976156,0.6301417547393656
SNV-312,snake,frog,0.7356774886649605,0.6452327938295612
SNV-312,frog,worm,0.6114786775717364,0.5273859445967226
SNV-312,worm,bear,0.49898497209730364,0.4575838521158962
SNV-312,bear,wolf,0.526206639728127,0.4816668494827304
SNV-312,wolf,kangaroo,0.6719422154833341,0.6466949327018566
SNV-312,kangaroo,octopus,0,0
SNY-315,deer,raccoon,2,2
SNY-315,raccoon,squirrel,0,0
SNY-315,squirrel,possum,0.7824022400078555,0.7452217842438662
SNY-315,possum,dog,0.6148944699390642,0.5547125493937585
SNY-315,dog,cat,0.8745785976068601,0.8628857048123819
SNY-315,cat,rabbit,0.7525729471567496,0.7131738898244471
SNY-315,rabbit,zebra,0,0.5171698692151908
SNY-315,zebra,tiger,0,0.645108357391031
SNY-315,tiger,lion,0.8378177294278359,0.7681389064993795
SNY-315,lion,leopard,0.7104222666293618,0.6790797775441532
SNY-315,leopard,antelope,0.6046879862352511,0.5527196645315968
SNY-315,antelope,cougar,0.47337461784646767,0.5916771436770546
SNY-315,cougar,bear,0.43033048719603617,0.5008612768992216
SNY-315,bear,polar,0.17741993795591957,0.30594708780634994
SNY-315,polar,wolf,0.2383529750461766,0.3197823292196129
SNY-315,wolf,sheep,0.6771751531320429,0.5950757282223759
SNY-315,sheep,goat,0.7433118891653093,0.6439075247344901
SNY-315,goat,cow,0.773668018005576,0.7265640563586404
SNY-315,cow,horse,0.7227680387508737,0.7144051594165327
SOA-317,lion,tiger,2,2
SOA-317,tiger,giraffe,0,0
SOA-317,giraffe,zebra,0,0
SOA-317,zebra,monkey,0,0.5164223599390718
SOA-317,monkey,parrot,0.7333106287217793,0.7102100083889007
SOA-317,parrot,UNKNOWN,0,0
SOA-317,UNKNOWN,goat,0,0
SOE-320,chicken,goat,2,2
SOE-320,goat,rhino,0,0
SOE-320,rhino,cow,0,0
SOE-320,cow,horse,0.7227680387508737,0.7144051594165327
SOE-320,horse,cat,0.47912871121387807,0.34363276115846836
SOE-320,cat,dog,0.8745785976068601,0.8628857048123819
SOE-320,dog,elephant,0.7312998150701533,0.6962219676262801
SOE-320,elephant,zebra,0,0.6806873209704929
SOE-320,zebra,lion,0,0.6404175438143798
SOE-320,lion,bird,0.6239139354578737,0.5982440523188578
SOE-320,bird,panda,0,0
SOE-320,panda,polar,0,0
SOQ-329,ant,anteater,2,2
SOQ-329,anteater,giraffe,0,0
SOQ-329,giraffe,elephant,0,0
SOQ-329,elephant,lion,0.7334882084465411,0.7044682582263694
SOQ-329,lion,tiger,0.8378177294278359,0.7681389064993795
SOQ-329,tiger,dog,0.7602705018652869,0.6963213212121123
SOQ-329,dog,cat,0.8745785976068601,0.8628857048123819
SOQ-329,cat,fish,0.5811393626954854,0.6330656576107478
SOQ-329,fish,monkey,0.4956452330773644,0.544253072443848
SOQ-329,monkey,hippo,0,0
SOQ-329,hippo,rhino,0,0
SOQ-329,rhino,ape,0,0
SOQ-329,ape,shark,0.4481606378369533,0.4664109166704876
SOQ-329,shark,dolphin,0.531017010293181,0.6869940691724519
SOQ-329,dolphin,seal,0.5106473386485636,0.36422653074621775
SOQ-329,seal,polar,0.28984735872212103,0.35284795531554997
SOQ-329,polar,bear,0.17741993795591957,0.30594708780634994
SOQ-329,bear,bird,0.3997217676325608,0.3793199670413255
SOQ-329,bird,crane,0.5521056500940515,0.5681538963554418
SOQ-329,crane,swan,0.3554088991480597,0.2953920195813963
SOQ-329,swan,pigeon,0.5057837573932947,0.44555170522905463
SOQ-329,pigeon,dragonfly,0,0
SOX-335,tiger,lion,2,2
SOX-335,lion,elephant,0.7334882084465411,0.7044682582263694
SOX-335,elephant,sealion,0,0
SOX-335,sealion,dolphin,0,0
SOX-335,dolphin,catfish,0,0
SOX-335,catfish,penguin,0,0
SOX-335,penguin,monkey,0.2340081352153258,0.33299419958534787
SOX-335,monkey,shark,0.4391794273310262,0.49849024676461295
SOX-335,shark,whale,0.7921043140363008,0.7643223081820134
SOX-335,whale,tigerfish,0,0
SPA-338,frog,horse,2,2
SPA-338,horse,tiger,0.38601421364725547,0.34513289282418147
SPA-338,tiger,lion,0.8378177294278359,0.7681389064993795
SPA-338,lion,seahorse,0,0
SPA-338,seahorse,sealion,0,0
SPA-338,sealion,hippo,0,0
SPA-338,hippo,dolphin,0,0
SPA-338,dolphin,shark,0.531017010293181,0.6869940691724519
SPA-338,shark,fish,0.7093772702257071,0.7789630041906285
SPA-338,fish,zebra,0,0.5953484657734173
SPA-338,zebra,gazelle,0,0.6579829213355147
SPA-338,gazelle,tiger,0.32894145147879184,0.4620890734239284
SPA-338,tiger,alligator,0.7461053728829109,0.665950853762572
SPA-338,alligator,crocodile,0.688534112920867,0.7408621547818116
SPA-338,crocodile,giraffe,0,0
SPA-338,giraffe,elephant,0,0
SPC-340,dog,cat,2,2
SPC-340,cat,chicken,0.611473070229113,0.6109038393474308
SPC-340,chicken,rooster,0.5641084534286992,0.5722194589526469
SPC-340,rooster,pig,0.7051661525577775,0.7506228137963159
SPC-340,pig,bird,0.5620549853053401,0.5265119268327753
SPC-340,bird,horse,0.43533067739150105,0.2705517324055837
SPC-340,horse,cow,0.7227680387508737,0.7144051594165327
SPC-340,cow,zebra,0,0.49923534765763106
SPC-340,zebra,cheetah,0,0
SPC-340,cheetah,leopard,0,0
SPC-340,leopard,bear,0.44966890897561085,0.4048897080498951
SPC-340,bear,walrus,0.42120279514414644,0.4614476743595925
SPC-340,walrus,seal,0.582728031687178,0.7030155998622596
SPC-340,seal,dolphin,0.5106473386485636,0.36422653074621775
SPC-340,dolphin,giraffe,0,0
SPC-340,giraffe,elephant,0,0
SPC-340,elephant,monkey,0.6194652657586913,0.5927320795329062
SPC-340,monkey,spider,0.5097531308067911,0.5572382803967345
SPC-340,spider,snake,0.7367251350156103,0.6377204663938916
SPH-344,elephant,zebra,2,2
SPH-344,zebra,bird,0,0.5383923376437907
SPH-344,bird,dog,0.6776698033882239,0.565315271370276
SPH-344,dog,cat,0.8745785976068601,0.8628857048123819
SPH-344,cat,fish,0.5811393626954854,0.6330656576107478
SPH-344,fish,lion,0.5436962336104043,0.5653334368629681
SPH-344,lion,tiger,0.8378177294278359,0.7681389064993795
SPH-344,tiger,deer,0.7064282852624827,0.538074262142442
SPH-344,deer,hippo,0,0
SPL-436,horse,wolf,2,2
SPL-436,wolf,dog,0.8046120560217579,0.7355752224023244
SPL-436,dog,cow,0.6943829767248008,0.6809996966148849
SPL-436,cow,hyena,0.39291852614658607,0.3956068361256396
SPL-436,hyena,lion,0.6441252233450677,0.6105810141987551
SPL-436,lion,tiger,0.8378177294278359,0.7681389064993795
SPL-436,tiger,bear,0.41216494102879014,0.3098987969102535
SPL-436,bear,cheetah,0,0
SPL-436,cheetah,walrus,0,0
SPL-436,walrus,UNKNOWN,0,0
SPL-436,UNKNOWN,seal,0,0
SPL-436,seal,polar,0.28984735872212103,0.35284795531554997
SPL-436,polar,porcupine,0.48038108628259996,0.401796414458427
SPL-436,porcupine,horse,0.25930102582527104,0.33939375845804753
SPL-436,horse,bull,0.609865940995042,0.6156548840358687
SPL-436,bull,bull,1.0,1.0
SPL-436,bull,oxen,0.5934731530085579,0.49083470640030546
SPV-450,dog,cat,2,2
SPV-450,cat,bird,0.7113119291740693,0.675170086489144
SPV-450,bird,pig,0.5620549853053401,0.5265119268327753
SPV-450,pig,elephant,0.5587707702302488,0.5691148417364407
SPV-450,elephant,giraffe,0,0
SPV-450,giraffe,alligator,0,0
SPV-450,alligator,snake,0.6995598877694744,0.6897223271873661
SPV-450,snake,frog,0.7356774886649605,0.6452327938295612
SPV-450,frog,fish,0.5262398237714749,0.582456295029822
SPV-450,fish,groundhog,0,0
SPV-450,groundhog,boar,0,0
SPV-450,boar,lion,0.7558820350140881,0.8300342218066021
SPV-450,lion,tiger,0.8378177294278359,0.7681389064993795
SPV-450,tiger,wolf,0.811261831141742,0.6838323983160726
SPV-450,wolf,coyote,0.787320469006545,0.6822708632783165
SPV-450,coyote,chicken,0.4455963804066423,0.3789061779170085
SPV-450,chicken,rooster,0.5641084534286992,0.5722194589526469
SPV-450,rooster,bunny,0.7415335124287256,0.7257030883609292
SPX-452,cat,dog,2,2
SPX-452,dog,dolphin,0.5362384215406943,0.5877268255846843
SPX-452,dolphin,shark,0.531017010293181,0.6869940691724519
SPX-452,shark,alligator,0.6706827303907111,0.7354736006545667
SPX-452,alligator,crocodile,0.688534112920867,0.7408621547818116
SPX-452,crocodile,bird,0.564482829740944,0.6178720109931024
SPX-452,bird,bear,0.3997217676325608,0.3793199670413255
SPX-452,bear,coyote,0.48875201722556516,0.4312029971995971
SPX-452,coyote,wolf,0.787320469006545,0.6822708632783165
SPX-452,wolf,fish,0.48788869304696547,0.3820273082140924
SPX-452,fish,seahorse,0,0
SPX-452,seahorse,snail,0,0
SPX-452,snail,koala,0,0
SPX-452,koala,panda,0,0
SPX-452,panda,grizzly,0,0
SPX-452,grizzly,hyena,0.5408263936097002,0.7423816994842525
SPX-452,hyena,snake,0.6555257069153385,0.6402599256023763
SPX-452,snake,frog,0.7356774886649605,0.6452327938295612
SPX-452,frog,toad,0.7857267513244905,0.7259410895064535
SPX-452,toad,lion,0.6889418679002602,0.7048095738944646
SPX-452,lion,leopard,0.7104222666293618,0.6790797775441532
SRF-483,lion,bear,2,2
SRF-483,bear,lion,0.4958711032494342,0.46965686552140634
SRF-483,lion,cat,0.6809057161982097,0.6376705357921857
SRF-483,cat,dog,0.8745785976068601,0.8628857048123819
SRF-483,dog,lizard,0.7184137816756216,0.5676608749566058
SRF-483,lizard,bird,0.6966627736513161,0.5150362504160365
SRF-483,bird,falcon,0.61649141127193,0.6585845940835139
SRF-483,falcon,pelican,0,0.727231431560864
SRF-483,pelican,warthog,0,0
SRF-483,warthog,pig,0,0
SRF-483,pig,horse,0.5860321973914239,0.5737210558748866
SRF-483,horse,chicken,0.38825048038259524,0.31050748361906044
SRF-483,chicken,hog,0.5809864116123515,0.5023065082351296
SRF-483,hog,saber_tooth_cat,0,0
SRF-483,saber_tooth_cat,duck,0,0
SRR-498,dog,cat,2,2
SRR-498,cat,horse,0.47912871121387807,0.34363276115846836
SRR-498,horse,turtle,0.35672218298098846,0.24913979438767658
SRR-498,turtle,ape,0.3885345647586167,0.4327171683987378
SRR-498,ape,monkey,0.6283090675167448,0.5393918124454604
SRR-498,monkey,pony,0.47953931910373404,0.3835756871994073
SRR-498,pony,tiger,0.38288911556645977,0.33667780027913946
SRR-498,tiger,shark,0.5806138795944444,0.5974254787396763
SRR-498,shark,lizard,0.5320589397105987,0.5450217210011102
SRR-498,lizard,gecko,0,0
SRR-498,gecko,ant,0,0
SRR-498,ant,worm,0.6659030571317933,0.5652194146499413
SRR-498,worm,bird,0.6199342325627273,0.5008266109569695
SRR-498,bird,bear,0.3997217676325608,0.3793199670413255
SRR-498,bear,goat,0.5303773257847434,0.5380018543142598
SRR-498,goat,deer,0.7097484931917211,0.5246643263028219
SRR-498,deer,lion,0.7469160300555865,0.6644040020223635
SSG-520,lion,tiger,2,2
SSG-520,tiger,flamingo,0,0
SSG-520,flamingo,monkey,0,0
SSG-520,monkey,whale,0.4140184102544303,0.4687369654350793
SSG-520,whale,fish,0.7042451959367448,0.7262201316996267
SSG-520,fish,shark,0.7093772702257071,0.7789630041906285
SSG-520,shark,panther,0.5989701382275696,0.5380518810411198
SSG-520,panther,cat,0.6978677871720003,0.6338457951948674
SSG-520,cat,dog,0.8745785976068601,0.8628857048123819
SSG-520,dog,snake,0.7206932879969659,0.6952145592939472
SSG-520,snake,turtle,0.6126758427052204,0.6577824345826482
SSG-520,turtle,turtle,1.0000000000000002,1.0
SSG-520,turtle,crab,0.6201349242814236,0.5917533293764086
SSG-520,crab,squid,0,0
SSG-520,squid,octopus,0,0
SSZ-539,pig,cow,2,2
SSZ-539,cow,horse,0.7227680387508737,0.7144051594165327
SSZ-539,horse,cat,0.47912871121387807,0.34363276115846836
SSZ-539,cat,fish,0.5811393626954854,0.6330656576107478
SSZ-539,fish,dog,0.554071626308839,0.5216253513515097
SSZ-539,dog,monkey,0.7398977733098251,0.6876917554091692
SSZ-539,monkey,alligator,0.5697343269822039,0.6933156817395748
SSZ-539,alligator,monkey,0.5697343269822039,0.6933156817395748
SSZ-539,monkey,hippo,0,0
SSZ-539,hippo,dolphin,0,0
SSZ-539,dolphin,shark,0.531017010293181,0.6869940691724519
SSZ-539,shark,rainbow,0.4088369686446984,0.5214126120672994
SUG-544,dog,cat,2,2
SUG-544,cat,pig,0.728942522630007,0.6833907215446245
SUG-544,pig,cow,0.6984894678873145,0.7754488486757538
SUG-544,cow,chicken,0.6985950791001702,0.6174006090793362
SUG-544,chicken,elephant,0.37149004650447875,0.3215951328308907
SUG-544,elephant,monkey,0.6194652657586913,0.5927320795329062
SUG-544,monkey,fish,0.4956452330773644,0.544253072443848
SUG-544,fish,giraffe,0,0
SUG-544,giraffe,dolphin,0,0
SUG-544,dolphin,dolphin,0.9999999999999999,0.9999999999999999
SUG-544,dolphin,zebra,0,0.6360747079687079
SUG-544,zebra,shark,0,0.6360733661169052
SUG-544,shark,turtle,0.5561222575511516,0.6072292752796077
SUG-544,turtle,UNKNOWN,0,0
SUG-544,UNKNOWN,cow,0,0
SUT-556,elephant,giraffe,2,2
SUT-556,giraffe,turtle,0,0
SUT-556,turtle,UNKNOWN,0,0
SUT-556,UNKNOWN,zebra,0,0
SUT-556,zebra,monkey,0,0.5164223599390718
SUT-556,monkey,dog,0.7398977733098251,0.6876917554091692
SUT-556,dog,cat,0.8745785976068601,0.8628857048123819
SUT-556,cat,lizard,0.7511121321644622,0.5371468257898924
SUT-556,lizard,dinosaur,0,0
SUT-556,dinosaur,bear,0,0
SUT-556,bear,dragon,0.4292475063919917,0.42728173670275094
SUT-556,dragon,horse,0.43947688273888136,0.4212452375520232
SUT-556,horse,pig,0.5860321973914239,0.5737210558748866
SUT-556,pig,cow,0.6984894678873145,0.7754488486757538
SUT-556,cow,bird,0.5728739219113177,0.4652113207682023
SUV-558,lion,zebra,2,2
SUV-558,zebra,cheetah,0,0
SUV-558,cheetah,leopard,0,0
SUV-558,leopard,elephant,0.687739457647682,0.6205289856589515
SUV-558,elephant,zebra,0,0.6806873209704929
SUV-558,zebra,snake,0,0.7106100654252625
SUV-558,snake,monkey,0.6705515458189052,0.7371139740631305
SUV-558,monkey,gorilla,0.4747476233927709,0.575975015896018
SUV-558,gorilla,giraffe,0,0
SUV-558,giraffe,tiger,0,0
SUV-558,tiger,cub,0.6060872173720693,0.5379700458586094
SUV-558,cub,ant,0.5867148606863863,0.6871059973684754
SUV-558,ant,dragon,0.466745803490065,0.5101146170373223
SUV-558,dragon,zebra,0,0.5925089826276184
SUV-558,zebra,horse,0,0.537519691400082
SUV-558,horse,cow,0.7227680387508737,0.7144051594165327
SUV-558,cow,sheep,0.8223375017468243,0.7422741568618488
SUV-558,sheep,chicken,0.5538485136715439,0.5013223540428927
SVA-563,rhino,orangutan,2,2
SVA-563,orangutan,chimp,0,0
SVA-563,chimp,chipmunk,0,0
SVA-563,chipmunk,giraffe,0,0
SVA-563,giraffe,gorilla,0,0
SVA-563,gorilla,gorilla,1.0000000000000002,1.0
SVA-563,gorilla,dog,0.37276025463277934,0.6083314375745431
SVA-563,dog,cat,0.8745785976068601,0.8628857048123819
SVA-563,cat,hamster,0,0
SVA-563,hamster,fish,0,0
SVA-563,fish,frog,0.5262398237714749,0.582456295029822
SVA-563,frog,snake,0.7356774886649605,0.6452327938295612
SVA-563,snake,caterpillar,0.5665404478676399,0.43417955540990244
SVA-563,caterpillar,giraffe,0,0
SVA-563,giraffe,rhino,0,0
SVA-563,rhino,buffalo,0,0
SVA-563,buffalo,horse,0.6101529201880017,0.5872770710125047
SVA-563,horse,antelope,0.5165673537433334,0.5470936244740446
SVA-563,antelope,deer,0.759641934512523,0.7600411475078961
SVA-563,deer,sheep,0.7942542894442013,0.7680616547781371
SVH-570,dog,cat,2,2
SVH-570,cat,rabbit,0.7525729471567496,0.7131738898244471
SVH-570,rabbit,hamster,0,0
SVH-570,hamster,gerbil,0,0
SVH-570,gerbil,guinea,0,0
SVH-570,guinea,penguin,0.45526968057530814,0.44212250632372446
SVH-570,penguin,giraffe,0,0
SVH-570,giraffe,jaguar,0,0
SVH-570,jaguar,lion,0,0.7249245423516938
SVH-570,lion,cheetah,0,0
SVH-570,cheetah,prairie,0,0
SVH-570,prairie,gorilla,0.512198888839565,0.3805102736882214
SVH-570,gorilla,elephant,0.39453693399800827,0.5247463587267563
SVH-570,elephant,tiger,0.6005211133387935,0.5510461635914914
SVY-587,tiger,zebra,2,2
SVY-587,zebra,giraffe,0,0
SVY-587,giraffe,penguin,0,0
SVY-587,penguin,panda,0,0
SVY-587,panda,alligator,0,0
SVY-587,alligator,dog,0.6741070962166072,0.6629557981843097
SVY-587,dog,cat,0.8745785976068601,0.8628857048123819
SVY-587,cat,lizard,0.7511121321644622,0.5371468257898924
SVY-587,lizard,gecko,0,0
SVY-587,gecko,crab,0,0
SVY-587,crab,octopus,0,0
SVY-587,octopus,jellyfish,0,0
SVY-587,jellyfish,turtle,0.6540301638520143,0.45761292377618074
SVY-587,turtle,bird,0.5975955453165043,0.5970055742298973
SVY-587,bird,chick,0.53921663719654,0.5461201852965153
SVY-587,chick,hen,0.7414791257416772,0.6870216384189025
SVY-587,hen,rooster,0.7453632605725187,0.6831759390266143
SVY-587,rooster,crow,0.7004983555158016,0.7078658594411038
SZA-781,cat,dog,2,2
SZA-781,dog,pig,0.7101723921527487,0.7181036874972738
SZA-781,pig,cow,0.6984894678873145,0.7754488486757538
SZA-781,cow,chicken,0.6985950791001702,0.6174006090793362
SZA-781,chicken,rooster,0.5641084534286992,0.5722194589526469
SZA-781,rooster,frog,0.7429073573596445,0.7318866815872529
SZA-781,frog,snake,0.7356774886649605,0.6452327938295612
SZA-781,snake,lizard,0.8069865631440539,0.6989081019589145
SZA-781,lizard,iguana,0,0
SZA-781,iguana,badger,0,0
SZA-781,badger,bulldog,0.6920851631648872,0.5320188556716365
SZA-781,bulldog,puppy,0.742912048855533,0.7610276641957261
SZA-781,puppy,kitten,0.7106719787578608,0.74129114353383
SZA-781,kitten,goose,0.747259477364279,0.7067247526937641
SZA-781,goose,duck,0.7547038907915292,0.7076147205496787
SZA-781,duck,wolf,0.6206862678131545,0.5351725999745169
